  0
SECTION
  2
HEADER
  9
$ACADVER
  1
AC1018
  9
$ACADMAINTVER
 70
     0
  9
$DWGCODEPAGE
  3
ANSI_1252
  9
$INSBASE
 10
0.0
 20
0.0
 30
0.0
  9
$EXTMIN
 10
0.0
 20
0.0
 30
0.0
  9
$EXTMAX
 10
57.1896
 20
87.984
 30
0.0
  9
$LIMMIN
 10
0.0
 20
0.0
  9
$LIMMAX
 10
12.0
 20
9.0
  9
$ORTHOMODE
 70
     0
  9
$REGENMODE
 70
     1
  9
$FILLMODE
 70
     1
  9
$QTEXTMODE
 70
     0
  9
$MIRRTEXT
 70
     1
  9
$LTSCALE
 40
1.0
  9
$ATTMODE
 70
     1
  9
$TEXTSIZE
 40
0.2
  9
$TRACEWID
 40
0.05
  9
$TEXTSTYLE
  7
Standard
  9
$CLAYER
  8
0
  9
$CELTYPE
  6
ByBlock
  9
$CECOLOR
 62
   256
  9
$CELTSCALE
 40
1.0
  9
$DISPSILH
 70
     0
  9
$DIMSCALE
 40
1.0
  9
$DIMASZ
 40
0.18
  9
$DIMEXO
 40
0.0625
  9
$DIMDLI
 40
0.38
  9
$DIMRND
 40
0.0
  9
$DIMDLE
 40
0.0
  9
$DIMEXE
 40
0.18
  9
$DIMTP
 40
0.0
  9
$DIMTM
 40
0.0
  9
$DIMTXT
 40
0.18
  9
$DIMCEN
 40
0.09
  9
$DIMTSZ
 40
0.0
  9
$DIMTOL
 70
     0
  9
$DIMLIM
 70
     0
  9
$DIMTIH
 70
     1
  9
$DIMTOH
 70
     1
  9
$DIMSE1
 70
     0
  9
$DIMSE2
 70
     0
  9
$DIMTAD
 70
     0
  9
$DIMZIN
 70
     0
  9
$DIMBLK
  1

  9
$DIMASO
 70
     1
  9
$DIMSHO
 70
     1
  9
$DIMPOST
  1

  9
$DIMAPOST
  1

  9
$DIMALT
 70
     0
  9
$DIMALTD
 70
     2
  9
$DIMALTF
 40
25.4
  9
$DIMLFAC
 40
1.0
  9
$DIMTOFL
 70
     0
  9
$DIMTVP
 40
0.0
  9
$DIMTIX
 70
     0
  9
$DIMSOXD
 70
     0
  9
$DIMSAH
 70
     0
  9
$DIMBLK1
  1

  9
$DIMBLK2
  1

  9
$DIMSTYLE
  2
Standard
  9
$DIMCLRD
 70
     0
  9
$DIMCLRE
 70
     0
  9
$DIMCLRT
 70
     0
  9
$DIMTFAC
 40
1.0
  9
$DIMGAP
 40
0.09
  9
$DIMJUST
 70
     0
  9
$DIMSD1
 70
     0
  9
$DIMSD2
 70
     0
  9
$DIMTOLJ
 70
     1
  9
$DIMTZIN
 70
     0
  9
$DIMALTZ
 70
     0
  9
$DIMALTTZ
 70
     0
  9
$DIMUPT
 70
     0
  9
$DIMDEC
 70
     4
  9
$DIMTDEC
 70
     4
  9
$DIMALTU
 70
     2
  9
$DIMALTTD
 70
     2
  9
$DIMTXSTY
  7
Standard
  9
$DIMAUNIT
 70
     0
  9
$DIMADEC
 70
     0
  9
$DIMALTRND
 40
0.0
  9
$DIMAZIN
 70
     0
  9
$DIMDSEP
 70
    46
  9
$DIMATFIT
 70
     3
  9
$DIMFRAC
 70
     0
  9
$DIMLDRBLK
  1

  9
$DIMLUNIT
 70
     2
  9
$DIMLWD
 70
    -2
  9
$DIMLWE
 70
    -2
  9
$DIMTMOVE
 70
     2
  9
$LUNITS
 70
     2
  9
$LUPREC
 70
     4
  9
$SKETCHINC
 40
0.1
  9
$FILLETRAD
 40
0.5
  9
$AUNITS
 70
     0
  9
$AUPREC
 70
     0
  9
$MENU
  1
.
  9
$ELEVATION
 40
0.0
  9
$PELEVATION
 40
0.0
  9
$THICKNESS
 40
0.0
  9
$LIMCHECK
 70
     0
  9
$CHAMFERA
 40
0.0
  9
$CHAMFERB
 40
0.0
  9
$CHAMFERC
 40
0.0
  9
$CHAMFERD
 40
0.0
  9
$SKPOLY
 70
     0
  9
$TDCREATE
 40
2460803.511467002
  9
$TDUCREATE
 40
2460803.803133669
  9
$TDUPDATE
 40
2460803.511467373
  9
$TDUUPDATE
 40
2460803.80313404
  9
$TDINDWG
 40
0.0000000116
  9
$TDUSRTIMER
 40
0.0000000116
  9
$USRTIMER
 70
     1
  9
$ANGBASE
 50
0.0
  9
$ANGDIR
 70
     0
  9
$PDMODE
 70
     0
  9
$PDSIZE
 40
0.0
  9
$PLINEWID
 40
0.0
  9
$SPLFRAME
 70
     0
  9
$SPLINETYPE
 70
     6
  9
$SPLINESEGS
 70
     8
  9
$HANDSEED
  5
820
  9
$SURFTAB1
 70
     6
  9
$SURFTAB2
 70
     6
  9
$SURFTYPE
 70
     6
  9
$SURFU
 70
     6
  9
$SURFV
 70
     6
  9
$UCSBASE
  2

  9
$UCSNAME
  2

  9
$UCSORG
 10
0.0
 20
0.0
 30
0.0
  9
$UCSXDIR
 10
1.0
 20
0.0
 30
0.0
  9
$UCSYDIR
 10
0.0
 20
1.0
 30
0.0
  9
$UCSORTHOREF
  2

  9
$UCSORTHOVIEW
 70
     0
  9
$UCSORGTOP
 10
0.0
 20
0.0
 30
0.0
  9
$UCSORGBOTTOM
 10
0.0
 20
0.0
 30
0.0
  9
$UCSORGLEFT
 10
0.0
 20
0.0
 30
0.0
  9
$UCSORGRIGHT
 10
0.0
 20
0.0
 30
0.0
  9
$UCSORGFRONT
 10
0.0
 20
0.0
 30
0.0
  9
$UCSORGBACK
 10
0.0
 20
0.0
 30
0.0
  9
$PUCSBASE
  2

  9
$PUCSNAME
  2

  9
$PUCSORG
 10
0.0
 20
0.0
 30
0.0
  9
$PUCSXDIR
 10
1.0
 20
0.0
 30
0.0
  9
$PUCSYDIR
 10
0.0
 20
1.0
 30
0.0
  9
$PUCSORTHOREF
  2

  9
$PUCSORTHOVIEW
 70
     0
  9
$PUCSORGTOP
 10
0.0
 20
0.0
 30
0.0
  9
$PUCSORGBOTTOM
 10
0.0
 20
0.0
 30
0.0
  9
$PUCSORGLEFT
 10
0.0
 20
0.0
 30
0.0
  9
$PUCSORGRIGHT
 10
0.0
 20
0.0
 30
0.0
  9
$PUCSORGFRONT
 10
0.0
 20
0.0
 30
0.0
  9
$PUCSORGBACK
 10
0.0
 20
0.0
 30
0.0
  9
$USERI1
 70
     0
  9
$USERI2
 70
     0
  9
$USERI3
 70
     0
  9
$USERI4
 70
     0
  9
$USERI5
 70
     0
  9
$USERR1
 40
0.0
  9
$USERR2
 40
0.0
  9
$USERR3
 40
0.0
  9
$USERR4
 40
0.0
  9
$USERR5
 40
0.0
  9
$WORLDVIEW
 70
     1
  9
$SHADEDGE
 70
     3
  9
$SHADEDIF
 70
    70
  9
$TILEMODE
 70
     1
  9
$MAXACTVP
 70
    64
  9
$PINSBASE
 10
0.0
 20
0.0
 30
0.0
  9
$PLIMCHECK
 70
     0
  9
$PEXTMIN
 10
1.000000000000000E+20
 20
1.000000000000000E+20
 30
1.000000000000000E+20
  9
$PEXTMAX
 10
-1.000000000000000E+20
 20
-1.000000000000000E+20
 30
-1.000000000000000E+20
  9
$PLIMMIN
 10
0.0
 20
0.0
  9
$PLIMMAX
 10
12.0
 20
9.0
  9
$UNITMODE
 70
     0
  9
$VISRETAIN
 70
     1
  9
$PLINEGEN
 70
     0
  9
$PSLTSCALE
 70
     1
  9
$TREEDEPTH
 70
  3020
  9
$CMLSTYLE
  2
Standard
  9
$CMLJUST
 70
     0
  9
$CMLSCALE
 40
1.0
  9
$PROXYGRAPHICS
 70
     1
  9
$MEASUREMENT
 70
     0
  9
$CELWEIGHT
370
    -1
  9
$ENDCAPS
280
     0
  9
$JOINSTYLE
280
     0
  9
$LWDISPLAY
290
     0
  9
$INSUNITS
 70
     0
  9
$HYPERLINKBASE
  1

  9
$STYLESHEET
  1

  9
$XEDIT
290
     1
  9
$CEPSNTYPE
380
     0
  9
$PSTYLEMODE
290
     1
  9
$FINGERPRINTGUID
  2
{7d82a564-433f-43d6-8576-0930721690f9}
  9
$VERSIONGUID
  2
{FAEB1C32-E019-11D5-929B-00C0DF256EC4}
  9
$EXTNAMES
290
     1
  9
$PSVPSCALE
 40
0.0
  9
$OLESTARTUP
290
     0
  9
$SORTENTS
280
   127
  9
$INDEXCTL
280
     0
  9
$HIDETEXT
280
     1
  9
$XCLIPFRAME
290
     0
  9
$HALOGAP
280
     0
  9
$OBSCOLOR
 70
   257
  9
$OBSLTYPE
280
     0
  9
$INTERSECTIONDISPLAY
280
     0
  9
$INTERSECTIONCOLOR
 70
   257
  9
$DIMASSOC
280
     2
  9
$PROJECTNAME
  1

  0
ENDSEC
  0
SECTION
  2
CLASSES
  0
CLASS
  1
ACDBDICTIONARYWDFLT
  2
AcDbDictionaryWithDefault
  3
ObjectDBX Classes
 90
        0
 91
        3
280
     0
281
     0
  0
CLASS
  1
SCALE
  2
AcDbScale
  3
ObjectDBX Classes
 90
     1153
 91
        3
280
     0
281
     0
  0
CLASS
  1
VISUALSTYLE
  2
AcDbVisualStyle
  3
ObjectDBX Classes
 90
     4095
 91
        3
280
     0
281
     0
  0
CLASS
  1
MATERIAL
  2
AcDbMaterial
  3
ObjectDBX Classes
 90
     1153
 91
        3
280
     0
281
     0
  0
CLASS
  1
TABLESTYLE
  2
AcDbTableStyle
  3
ObjectDBX Classes
 90
     4095
 91
        3
280
     0
281
     0
  0
CLASS
  1
MLEADERSTYLE
  2
AcDbMLeaderStyle
  3
ACDB_MLEADERSTYLE_CLASS
 90
     4095
 91
        3
280
     0
281
     0
  0
CLASS
  1
DICTIONARYVAR
  2
AcDbDictionaryVar
  3
ObjectDBX Classes
 90
        0
 91
        3
280
     0
281
     0
  0
CLASS
  1
CELLSTYLEMAP
  2
AcDbCellStyleMap
  3
ObjectDBX Classes
 90
     1152
 91
        3
280
     0
281
     0
  0
ENDSEC
  0
SECTION
  2
TABLES
  0
TABLE
  2
VPORT
  5
8
102
{ACAD_XDICTIONARY
360
7D9
102
}
330
0
100
AcDbSymbolTable
 70
     1
  0
VPORT
  5
21
330
8
100
AcDbSymbolTableRecord
100
AcDbViewportTableRecord
  2
*Active
 70
     0
 10
0.0
 20
0.0
 11
1.0
 21
1.0
 12
10.42990654205607
 22
4.5
 13
0.0
 23
0.0
 14
0.5
 24
0.5
 15
0.5
 25
0.5
 16
0.0
 26
0.0
 36
1.0
 17
0.0
 27
0.0
 37
0.0
 40
9.0
 41
1.972972972850329
 42
50.0
 43
0.0
 44
0.0
 50
0.0
 51
0.0
 71
     0
 72
   100
 73
     1
 74
     3
 75
     0
 76
     0
 77
     0
 78
     0
281
     0
 65
     1
110
0.0
120
0.0
130
0.0
111
1.0
121
0.0
131
0.0
112
0.0
122
1.0
132
0.0
 79
     0
146
0.0
  0
ENDTAB
  0
TABLE
  2
LTYPE
  5
5
330
0
100
AcDbSymbolTable
 70
     1
  0
LTYPE
  5
14
330
5
100
AcDbSymbolTableRecord
100
AcDbLinetypeTableRecord
  2
ByBlock
 70
     0
  3

 72
    65
 73
     0
 40
0.0
  0
LTYPE
  5
15
330
5
100
AcDbSymbolTableRecord
100
AcDbLinetypeTableRecord
  2
ByLayer
 70
     0
  3

 72
    65
 73
     0
 40
0.0
  0
LTYPE
  5
16
330
5
100
AcDbSymbolTableRecord
100
AcDbLinetypeTableRecord
  2
Continuous
 70
     0
  3
Solid line
 72
    65
 73
     0
 40
0.0
  0
ENDTAB
  0
TABLE
  2
LAYER
  5
2
330
0
100
AcDbSymbolTable
 70
     1
  0
LAYER
  5
10
330
2
100
AcDbSymbolTableRecord
100
AcDbLayerTableRecord
  2
0
 70
     0
 62
     7
  6
Continuous
370
    -3
390
F
  0
ENDTAB
  0
TABLE
  2
STYLE
  5
3
330
0
100
AcDbSymbolTable
 70
     1
  0
STYLE
  5
11
330
3
100
AcDbSymbolTableRecord
100
AcDbTextStyleTableRecord
  2
Standard
 70
     0
 40
0.0
 41
1.0
 50
0.0
 71
     0
 42
0.2
  3
txt
  4

  0
ENDTAB
  0
TABLE
  2
VIEW
  5
6
330
0
100
AcDbSymbolTable
 70
     0
  0
ENDTAB
  0
TABLE
  2
UCS
  5
7
330
0
100
AcDbSymbolTable
 70
     0
  0
ENDTAB
  0
TABLE
  2
APPID
  5
9
330
0
100
AcDbSymbolTable
 70
     2
  0
APPID
  5
12
330
9
100
AcDbSymbolTableRecord
100
AcDbRegAppTableRecord
  2
ACAD
 70
     0
  0
APPID
  5
817
330
9
100
AcDbSymbolTableRecord
100
AcDbRegAppTableRecord
  2
ACAD_MLEADERVER
 70
     0
  0
ENDTAB
  0
TABLE
  2
DIMSTYLE
  5
A
330
0
100
AcDbSymbolTable
 70
     1
100
AcDbDimStyleTable
  0
DIMSTYLE
105
20
330
A
100
AcDbSymbolTableRecord
100
AcDbDimStyleTableRecord
  2
Standard
 70
     0
178
     0
340
11
  0
ENDTAB
  0
TABLE
  2
BLOCK_RECORD
  5
1
330
0
100
AcDbSymbolTable
 70
     0
  0
BLOCK_RECORD
  5
1D
330
1
100
AcDbSymbolTableRecord
100
AcDbBlockTableRecord
  2
*Model_Space
340
1E
  0
BLOCK_RECORD
  5
1B
330
1
100
AcDbSymbolTableRecord
100
AcDbBlockTableRecord
  2
*Paper_Space
340
1C
  0
ENDTAB
  0
ENDSEC
  0
SECTION
  2
BLOCKS
  0
BLOCK
  5
7B4
330
1D
100
AcDbEntity
  8
0
100
AcDbBlockBegin
  2
*Model_Space
 70
     0
 10
0.0
 20
0.0
 30
0.0
  3
*Model_Space
  1

  0
ENDBLK
  5
7B5
330
1D
100
AcDbEntity
  8
0
100
AcDbBlockEnd
  0
BLOCK
  5
7B6
330
1B
100
AcDbEntity
 67
     1
  8
0
100
AcDbBlockBegin
  2
*Paper_Space
 70
     0
 10
0.0
 20
0.0
 30
0.0
  3
*Paper_Space
  1

  0
ENDBLK
  5
7B7
330
1B
100
AcDbEntity
 67
     1
  8
0
100
AcDbBlockEnd
  0
ENDSEC
  0
SECTION
  2
ENTITIES
  0
LWPOLYLINE
  5
22
330
1D
100
AcDbEntity
  8
0
100
AcDbPolyline
 90
      758
 70
     1
 43
0.0
 10
28.830608
 20
87.709202
 10
28.544132
 20
87.984304
 10
27.512211
 20
86.940506
 42
-0.004479
 10
27.112963
 20
86.543833
 42
-0.007462
 10
26.768849
 20
86.217893
 42
-0.002224
 10
26.469668
 20
85.945312
 42
-0.399372
 10
26.430696
 20
85.946304
 42
0.085177
 10
26.414019
 20
85.958096
 42
0.40366
 10
26.403952
 20
85.95474
 42
0.167652
 10
26.401357
 20
85.937503
 42
0.029818
 10
26.4093
 20
85.905375
 42
-0.246174
 10
26.398245
 20
85.844883
 42
-0.004518
 10
26.189077
 20
85.582244
 42
-0.010025
 10
25.931314
 20
85.277228
 42
-0.006392
 10
25.620005
 20
84.932475
 42
0.002878
 10
25.269895
 20
84.550189
 42
0.002245
 10
24.893736
 20
84.130913
 42
0.002269
 10
24.546833
 20
83.737154
 42
0.005522
 10
24.295572
 20
83.442833
 42
-0.007328
 10
24.097586
 20
83.212608
 42
-0.012067
 10
23.922766
 20
83.02459
 42
-0.005722
 10
23.772801
 20
82.874389
 42
-0.364636
 10
23.738317
 20
82.871783
 42
0.025052
 10
23.720645
 20
82.883205
 42
0.401641
 10
23.714339
 20
82.881661
 42
0.288315
 10
23.714297
 20
82.873822
 42
0.019654
 10
23.727349
 20
82.854551
 42
-0.292669
 10
23.729727
 20
82.81812
 42
-0.016447
 10
23.669027
 20
82.716199
 42
-0.021039
 10
23.583059
 20
82.593749
 42
-0.013441
 10
23.473549
 20
82.458623
 42
0.009959
 10
23.361256
 20
82.322018
 42
0.013801
 10
23.266513
 20
82.194903
 42
0.010291
 10
23.193529
 20
82.086446
 42
0.143918
 10
23.1804
 20
82.041779
 42
-0.185814
 10
23.171528
 20
82.018731
 42
-0.179096
 10
23.149336
 20
82.007136
 42
-0.110242
 10
23.115189
 20
82.010305
 42
-0.05256
 10
23.07465
 20
82.028271
 42
0.017253
 10
23.036468
 20
82.048523
 42
0.176411
 10
23.01895
 20
82.050351
 42
0.513935
 10
23.015454
 20
82.041496
 42
0.041037
 10
23.033534
 20
82.017979
 42
-0.241614
 10
23.044906
 20
81.975795
 42
-0.055992
 10
23.02086
 20
81.90388
 42
-0.045714
 10
22.970959
 20
81.81791
 42
-0.030734
 10
22.899624
 20
81.729466
 42
0.020797
 10
22.782743
 20
81.590302
 42
0.00239
 10
22.534542
 20
81.265311
 42
0.002878
 10
22.243244
 20
80.875441
 42
0.002343
 10
21.9356
 20
80.4546
 42
0.003797
 10
21.590061
 20
79.969527
 42
0.002203
 10
21.182002
 20
79.38189
 42
0.002202
 10
20.77808
 20
78.78913
 42
0.003709
 10
20.445085
 20
78.28782
 42
0.003515
 10
20.120857
 20
77.784064
 42
0.002136
 10
19.744235
 20
77.18411
 42
0.00214
 10
19.375724
 20
76.585775
 42
0.003777
 10
19.077347
 20
76.08822
 42
0.00738
 10
18.770438
 20
75.549541
 42
0.003012
 10
18.368523
 20
74.808731
 42
0.002979
 10
17.946144
 20
74.007442
 42
0.003801
 10
17.566846
 20
73.2636
 42
0.004128
 10
17.198929
 20
72.512892
 42
0.003213
 10
16.810906
 20
71.690833
 42
0.003249
 10
16.459131
 20
70.919914
 42
0.007871
 10
16.212046
 20
70.3449
 42
0.005988
 10
15.989877
 20
69.785626
 42
0.002997
 10
15.721709
 20
69.073521
 42
0.002975
 10
15.452966
 20
68.333197
 42
0.00439
 10
15.226684
 20
67.68
 42
0.005803
 10
15.007875
 20
67.004136
 42
0.00342
 10
14.761359
 20
66.191861
 42
0.00342
 10
14.526162
 20
65.376928
 42
0.005844
 10
14.342428
 20
64.692995
 42
0.001751
 10
14.191038
 20
64.093247
 42
0.00221
 10
14.05537
 20
63.53726
 42
0.001752
 10
13.945282
 20
63.070059
 42
0.017744
 10
13.907102
 20
62.874095
 42
-0.006307
 10
13.886017
 20
62.750933
 42
-0.008328
 10
13.863527
 20
62.639314
 42
-0.006278
 10
13.842065
 20
62.546835
 42
-0.077316
 10
13.828181
 20
62.513524
 42
0.087715
 10
13.814314
 20
62.478218
 42
0.004484
 10
13.790956
 20
62.35697
 42
0.007037
 10
13.766398
 20
62.211524
 42
0.005036
 10
13.742865
 20
62.048224
 42
-0.005009
 10
13.719328
 20
61.884837
 42
-0.006972
 10
13.694758
 20
61.739113
 42
-0.004495
 10
13.671405
 20
61.617662
 42
-0.085151
 10
13.657496
 20
61.58168
 42
0.068765
 10
13.643842
 20
61.549514
 42
0.008195
 10
13.624823
 20
61.474315
 42
0.009653
 10
13.605307
 20
61.383655
 42
0.007787
 10
13.587749
 20
61.28558
 42
0.002382
 10
13.566102
 20
61.148668
 42
0.00052
 10
13.530172
 20
60.912552
 42
0.000541
 10
13.489186
 20
60.639303
 42
0.000519
 10
13.448207
 20
60.3621
 42
-0.000867
 10
13.408152
 20
60.092448
 42
-0.00108
 10
13.369953
 20
59.842004
 42
-0.000875
 10
13.33706
 20
59.631863
 42
-0.008254
 10
13.321301
 20
59.54196
 42
0.016817
 10
13.307602
 20
59.455086
 42
0.002266
 10
13.285805
 20
59.271596
 42
0.002613
 10
13.262087
 20
59.053811
 42
0.002198
 10
13.239181
 20
58.82286
 42
-0.00224
 10
13.215761
 20
58.58692
 42
-0.002325
 10
13.190503
 20
58.354101
 42
-0.002238
 10
13.166808
 20
58.15284
 42
-0.010084
 10
13.150066
 20
58.0356
 42
0.02016
 10
13.133632
 20
57.901212
 42
0.001976
 10
13.10837
 20
57.575587
 42
0.002497
 10
13.081721
 20
57.187028
 42
0.001976
 10
13.056663
 20
56.7666
 42
0.00601
 10
13.033996
 20
56.246562
 42
0.002414
 10
13.014989
 20
55.535141
 42
0.002389
 10
13.001875
 20
54.768456
 42
0.00302
 10
12.997417
 20
54.0594
 42
0.003407
 10
13.002026
 20
53.357443
 42
0.002848
 10
13.016241
 20
52.612347
 42
0.002874
 10
13.037039
 20
51.931077
 42
0.007855
 10
13.062072
 20
51.449863
 42
0.001653
 10
13.089158
 20
51.068964
 42
0.002116
 10
13.11674
 20
50.718438
 42
0.001632
 10
13.142063
 20
50.424801
 42
0.018024
 10
13.156808
 20
50.307763
 42
-0.013465
 10
13.171166
 20
50.201617
 42
-0.002283
 10
13.192172
 20
49.998309
 42
-0.002493
 10
13.214574
 20
49.759165
 42
-0.002216
 10
13.235529
 20
49.510248
 42
-0.012108
 10
13.252926
 20
49.196198
 42
-0.031938
 10
13.245558
 20
48.971152
 42
-0.043416
 10
13.212753
 20
48.794252
 42
-0.051825
 10
13.15087
 20
48.636433
 42
-0.055663
 10
13.076401
 20
48.524841
 42
-0.037279
 10
12.969008
 20
48.415015
 42
-0.036521
 10
12.84315
 20
48.319522
 42
-0.045099
 10
12.713005
 20
48.250786
 42
-0.035113
 10
12.572091
 20
48.203214
 42
-0.03044
 10
12.419024
 20
48.173057
 42
-0.031395
 10
12.269898
 20
48.162467
 42
-0.04843
 10
12.141243
 20
48.173904
 42
-0.054459
 10
12.022798
 20
48.209799
 42
-0.030186
 10
11.887538
 20
48.277391
 42
-0.029745
 10
11.757272
 20
48.363344
 42
-0.041951
 10
11.653353
 20
48.455703
 42
-0.030348
 10
11.565654
 20
48.559887
 42
-0.024534
 10
11.484304
 20
48.681397
 42
-0.025182
 10
11.420251
 20
48.801325
 42
-0.056724
 10
11.387205
 20
48.8988
 42
-0.007714
 10
11.366634
 20
49.001273
 42
-0.003375
 10
11.342375
 20
49.137732
 42
-0.003339
 10
11.31856
 20
49.282985
 42
-0.004456
 10
11.298996
 20
49.415187
 42
-0.009718
 10
11.278597
 20
49.586417
 42
-0.002004
 10
11.249739
 20
49.888871
 42
-0.002107
 10
11.219103
 20
50.240507
 42
-0.001983
 10
11.190775
 20
50.599587
 42
-0.011327
 10
11.165217
 20
51.089632
 42
-0.002423
 10
11.144251
 20
51.941429
 42
-0.002531
 10
11.129737
 20
52.928717
 42
-0.002409
 10
11.1249
 20
53.9325
 42
-0.002485
 10
11.129893
 20
54.936928
 42
-0.002601
 10
11.144875
 20
55.926152
 42
-0.002495
 10
11.166522
 20
56.780371
 42
-0.011519
 10
11.1929
 20
57.2742
 42
-0.000716
 10
11.220875
 20
57.632902
 42
-0.000816
 10
11.2487
 20
57.976116
 42
-0.000738
 10
11.273228
 20
58.267405
 42
-0.004612
 10
11.287371
 20
58.4163
 42
-0.001288
 10
11.301409
 20
58.547606
 42
-0.000401
 10
11.323149
 20
58.744654
 42
-0.000401
 10
11.34779
 20
58.964749
 42
-0.000443
 10
11.371995
 20
59.1777
 42
-0.001162
 10
11.396529
 20
59.387548
 42
-0.001145
 10
11.422157
 20
59.598321
 42
-0.001124
 10
11.44545
 20
59.782892
 42
-0.004389
 10
11.461103
 20
59.8968
 42
-0.000035
 10
11.476777
 20
60.003831
 42
-0.000012
 10
11.49937
 20
60.158002
 42
-0.000012
 10
11.524252
 20
60.32774
 42
-0.000014
 10
11.5479
 20
60.489
 42
-0.000442
 10
11.572152
 20
60.653335
 42
-0.000341
 10
11.598868
 20
60.832423
 42
-0.000345
 10
11.624047
 20
60.999636
 42
-0.000828
 10
11.642996
 20
61.1235
 42
-0.000869
 10
11.661072
 20
61.239036
 42
-0.000509
 10
11.683094
 20
61.3773
 42
-0.000509
 10
11.705405
 20
61.515561
 42
-0.000866
 10
11.724375
 20
61.6311
 42
-0.006039
 10
11.751962
 20
61.785727
 42
-0.000751
 10
11.816483
 20
62.120987
 42
-0.000886
 10
11.894415
 20
62.5189
 42
-0.000734
 10
11.978783
 20
62.9424
 42
-0.003105
 10
12.075464
 20
63.408986
 42
-0.002123
 10
12.190813
 20
63.937772
 42
-0.00214
 10
12.306337
 20
64.446491
 42
-0.004327
 10
12.402486
 20
64.8459
 42
-0.004565
 10
12.507574
 20
65.250671
 42
-0.002068
 10
12.652216
 20
65.778879
 42
-0.002047
 10
12.809402
 20
66.334892
 42
-0.002804
 10
12.955746
 20
66.834
 42
-0.00699
 10
13.127364
 20
67.379502
 42
-0.003161
 10
13.366719
 20
68.08962
 42
-0.003129
 10
13.628777
 20
68.835938
 42
-0.004276
 10
13.87477
 20
69.50465
 42
-0.003354
 10
14.131064
 20
70.169857
 42
-0.002448
 10
14.424372
 20
70.905566
 42
-0.002473
 10
14.709256
 20
71.600193
 42
-0.005454
 10
14.935242
 20
72.12725
 42
-0.002819
 10
15.147343
 20
72.600165
 42
-0.002134
 10
15.385262
 20
73.116875
 42
-0.002157
 10
15.612816
 20
73.600114
 42
-0.005015
 10
15.788565
 20
73.95986
 42
0.003944
 10
15.930355
 20
74.248523
 42
0.005812
 10
16.049902
 20
74.504405
 42
0.002889
 10
16.147308
 20
74.72272
 42
0.103842
 10
16.1586
 20
74.776506
 42
0.228797
 10
16.136045
 20
74.823217
 42
0.003836
 10
15.903875
 20
75.004682
 42
0.009008
 10
15.623824
 20
75.212209
 42
0.005761
 10
15.29145
 20
75.443622
 42
0.005746
 10
14.869941
 20
75.722916
 42
0.00253
 10
14.306257
 20
76.083135
 42
0.002503
 10
13.704585
 20
76.459153
 42
0.003359
 10
13.1553
 20
76.79354
 42
0.003723
 10
12.592324
 20
77.125425
 42
0.002549
 10
11.948428
 20
77.494211
 42
0.002569
 10
11.324329
 20
77.843224
 42
0.005199
 10
10.8288
 20
78.110318
 42
0.004443
 10
10.341503
 20
78.360971
 42
0.002509
 10
9.746449
 20
78.656662
 42
0.002504
 10
9.143191
 20
78.948925
 42
0.004107
 10
8.6292
 20
79.189602
 42
0.004192
 10
8.103401
 20
79.42525
 42
0.002368
 10
7.462249
 20
79.702553
 42
0.002363
 10
6.812913
 20
79.976131
 42
0.003879
 10
6.2604
 20
80.200835
 42
0.004548
 10
5.704719
 20
80.415987
 42
0.002784
 10
5.045701
 20
80.660098
 42
0.002791
 10
4.390411
 20
80.894553
 42
0.004963
 10
3.847853
 20
81.079236
 42
0.002435
 10
3.385882
 20
81.228898
 42
0.003617
 10
2.97971
 20
81.355072
 42
0.00162
 10
2.632378
 20
81.458992
 42
0.071994
 10
2.557703
 20
81.4698
 42
0.024825
 10
2.517733
 20
81.467814
 42
0.03945
 10
2.484039
 20
81.461748
 42
0.046919
 10
2.46009
 20
81.452985
 42
0.28925
 10
2.4534
 20
81.442388
 42
-0.059899
 10
2.450792
 20
81.420697
 42
-0.000082
 10
2.351694
 20
81.014822
 42
-0.000703
 10
2.239908
 20
80.560077
 42
-0.000433
 10
2.107168
 20
80.025338
 42
0.000291
 10
1.972544
 20
79.483666
 42
0.000425
 10
1.854709
 20
79.006629
 42
0.000202
 10
1.754898
 20
78.600376
 42
0.007703
 10
1.733929
 20
78.5088
 42
0.001833
 10
1.714233
 20
78.414563
 42
0.000033
 10
1.610687
 20
77.909726
 42
0.000082
 10
1.490157
 20
77.3214
 42
0.000055
 10
1.352308
 20
76.6476
 42
0.000348
 10
1.214416
 20
75.970817
 42
0.000504
 10
1.093684
 20
75.373048
 42
0.000252
 10
0.991913
 20
74.8652
 42
0.008547
 10
0.969854
 20
74.7441
 42
0.002416
 10
0.952729
 20
74.636794
 42
0.000233
 10
0.912538
 20
74.37609
 42
0.000297
 10
0.864954
 20
74.065243
 42
0.000234
 10
0.813833
 20
73.7289
 42
0.000619
 10
0.760974
 20
73.377083
 42
0.00059
 10
0.708144
 20
73.019582
 42
0.000585
 10
0.662222
 20
72.703698
 42
0.002108
 10
0.634037
 20
72.5022
 42
-0.000824
 10
0.611902
 20
72.34094
 42
-0.000706
 10
0.588074
 20
72.171202
 42
-0.000711
 10
0.565987
 20
72.01704
 42
-0.002036
 10
0.550051
 20
71.91
 42
0.005909
 10
0.533991
 20
71.796081
 42
0.001515
 10
0.510762
 20
71.611521
 42
0.001543
 10
0.485543
 20
71.400748
 42
0.001567
 10
0.461758
 20
71.1909
 42
0.000174
 10
0.438712
 20
70.981052
 42
0.000172
 10
0.415713
 20
70.770279
 42
0.000169
 10
0.395696
 20
70.585677
 42
0.000662
 10
0.38354
 20
70.4718
 42
0.000027
 10
0.371118
 20
70.353892
 42
0.000006
 10
0.349489
 20
70.148469
 42
0.000006
 10
0.324421
 20
69.910334
 42
0.000006
 10
0.298928
 20
69.6681
 42
0.00103
 10
0.273026
 20
69.416991
 42
0.000879
 10
0.246732
 20
69.152172
 42
0.000886
 10
0.223669
 20
68.911257
 42
0.002521
 10
0.20875
 20
68.74335
 42
0.001723
 10
0.193841
 20
68.557706
 42
0.000363
 10
0.169157
 20
68.233404
 42
0.000381
 10
0.141091
 20
67.857257
 42
0.000361
 10
0.113091
 20
67.47435
 42
0.010638
 10
0.086734
 20
66.957973
 42
0.002405
 10
0.064852
 20
66.07987
 42
0.00249
 10
0.049523
 20
65.066356
 42
0.002414
 10
0.044081
 20
64.0422
 42
0.002331
 10
0.04837
 20
63.015368
 42
0.002367
 10
0.062237
 20
61.993822
 42
0.0023
 10
0.082592
 20
61.105441
 42
0.009729
 10
0.107589
 20
60.5736
 42
0.000786
 10
0.135068
 20
60.170098
 42
0.00076
 10
0.16411
 20
59.762233
 42
0.00075
 10
0.190756
 20
59.403336
 42
0.0028
 10
0.20912
 20
59.1777
 42
0.002174
 10
0.226985
 20
58.982255
 42
0.001182
 10
0.250546
 20
58.742274
 42
0.001177
 10
0.275664
 20
58.498286
 42
0.001866
 10
0.298453
 20
58.2894
 42
0.001065
 10
0.321441
 20
58.089568
 42
0.000846
 10
0.347098
 20
57.873802
 42
0.000855
 10
0.371568
 20
57.673818
 42
0.002141
 10
0.390298
 20
57.528
 42
0.002905
 10
0.40817
 20
57.399169
 42
0.002144
 10
0.429394
 20
57.256751
 42
0.002166
 10
0.450617
 20
57.122302
 42
0.00485
 10
0.468171
 20
57.0204
 42
-0.004822
 10
0.486185
 20
56.915863
 42
-0.0019
 10
0.509049
 20
56.771623
 42
-0.00188
 10
0.532579
 20
56.615553
 42
-0.00235
 10
0.553195
 20
56.4705
 42
0.005459
 10
0.579526
 20
56.293164
 42
0.001584
 10
0.623982
 20
56.020269
 42
0.001592
 10
0.676022
 20
55.71313
 42
0.0017
 10
0.728909
 20
55.413
 42
0.006387
 10
0.800366
 20
55.042648
 42
0.002013
 10
0.916466
 20
54.490909
 42
0.00201
 10
1.050952
 20
53.876384
 42
0.002229
 10
1.185917
 20
53.283768
 42
0.007543
 10
1.344861
 20
52.643885
 42
0.004411
 10
1.553568
 20
51.881998
 42
0.004409
 10
1.775939
 20
51.123031
 42
0.007465
 10
1.977225
 20
50.491968
 42
0.005039
 10
2.1828
 20
49.899094
 42
0.003947
 10
2.417388
 20
49.2599
 42
0.003991
 10
2.645136
 20
48.668539
 42
0.009753
 10
2.824724
 20
48.237907
 42
0.008079
 10
3.012084
 20
47.830203
 42
0.004006
 10
3.262194
 20
47.318892
 42
0.003975
 10
3.530027
 20
46.792797
 42
0.005816
 10
3.774809
 20
46.334407
 42
0.005052
 10
4.03139
 20
45.878078
 42
0.003324
 10
4.335425
 20
45.357941
 42
0.003344
 10
4.638073
 20
44.855672
 42
0.006442
 10
4.888303
 20
44.458203
 42
0.004036
 10
5.126152
 20
44.097398
 42
0.003218
 10
5.388324
 20
43.711981
 42
0.003252
 10
5.635769
 20
43.358149
 42
0.008188
 10
5.821861
 20
43.104603
 42
0.005515
 10
6.016465
 20
42.85415
 42
0.002103
 10
6.292875
 20
42.509386
 42
0.002082
 10
6.596289
 20
42.137364
 42
0.002552
 10
6.882999
 20
41.7924
 42
0.009089
 10
7.212271
 20
41.414482
 42
0.004197
 10
7.653504
 20
40.934431
 42
0.004156
 10
8.125896
 20
40.437408
 42
0.005758
 10
8.558199
 20
40.000256
 42
0.006989
 10
9.007469
 20
39.568535
 42
0.004702
 10
9.531977
 20
39.087589
 42
0.004736
 10
10.048452
 20
38.631653
 42
0.009354
 10
10.468577
 20
38.281332
 42
0.006369
 10
10.887382
 20
37.953875
 42
0.003721
 10
11.397141
 20
37.571624
 42
0.00372
 10
11.913184
 20
37.196524
 42
0.006297
 10
12.3516
 20
36.891082
 42
0.002351
 10
12.767486
 20
36.611895
 42
0.00195
 10
13.212669
 20
36.318564
 42
0.001968
 10
13.622741
 20
36.052952
 42
0.005312
 10
13.9167
 20
35.868568
 42
0.011744
 10
14.235158
 20
35.683643
 42
0.003229
 10
14.744987
 20
35.407663
 42
0.003261
 10
15.326943
 20
35.10234
 42
0.0034
 10
15.9048
 20
34.808917
 42
0.005076
 10
16.511678
 20
34.513589
 42
0.003877
 10
17.181437
 20
34.202365
 42
0.00392
 10
17.813404
 20
33.920599
 42
0.009214
 10
18.290597
 20
33.722696
 42
0.00859
 10
18.761817
 20
33.546656
 42
0.004164
 10
19.369913
 20
33.336995
 42
0.004129
 10
20.006995
 20
33.129097
 42
0.005933
 10
20.574797
 20
32.95637
 42
0.006701
 10
21.163165
 20
32.793509
 42
0.004033
 10
21.86516
 20
32.615328
 42
0.004038
 10
22.566037
 20
32.449424
 42
0.007043
 10
23.149989
 20
32.324795
 42
0.003409
 10
23.679839
 20
32.223243
 42
0.003377
 10
24.212658
 20
32.128599
 42
0.003314
 10
24.67992
 20
32.052036
 42
0.013081
 10
24.968889
 20
32.014367
 42
-0.005214
 10
25.179608
 20
31.990264
 42
-0.007276
 10
25.367498
 20
31.964002
 42
-0.004678
 10
25.524121
 20
31.93828
 42
-0.089612
 10
25.57035
 20
31.921359
 42
0.099923
 10
25.600767
 20
31.910925
 42
0.057365
 10
25.639678
 20
31.910277
 42
0.054021
 10
25.680624
 20
31.918829
 42
0.060009
 10
25.71726
 20
31.935795
 42
0.42454
 10
25.727051
 20
31.980793
 42
0.013269
 10
25.606662
 20
32.151136
 42
0.01843
 10
25.438908
 20
32.359166
 42
0.010757
 10
25.223559
 20
32.596438
 42
-0.001778
 10
24.97791
 20
32.857519
 42
-0.001455
 10
24.717017
 20
33.138419
 42
-0.001469
 10
24.478538
 20
33.398216
 42
-0.003869
 10
24.309641
 20
33.5862
 42
-0.009066
 10
24.133548
 20
33.792697
 42
-0.002409
 10
23.860299
 20
34.128433
 42
-0.002442
 10
23.553225
 20
34.513297
 42
-0.002513
 10
23.252862
 20
34.8975
 42
-0.003089
 10
22.942878
 20
35.303298
 42
-0.00232
 10
22.606589
 20
35.753546
 42
-0.002345
 10
22.294122
 20
36.180145
 42
-0.005385
 10
22.063879
 20
36.5049
 42
-0.007456
 10
21.849762
 20
36.82397
 42
-0.00386
 10
21.591296
 20
37.228629
 42
-0.003837
 10
21.332025
 20
37.648664
 42
-0.005817
 10
21.113628
 20
38.018258
 42
-0.003911
 10
20.902701
 20
38.391609
 42
-0.002596
 10
20.66629
 20
38.823086
 42
-0.002613
 10
20.441087
 20
39.244466
 42
-0.005092
 10
20.266629
 20
39.583358
 42
-0.007025
 10
20.099291
 20
39.928735
 42
-0.003483
 10
19.896256
 20
40.371254
 42
-0.003456
 10
19.692081
 20
40.833061
 42
-0.005059
 10
19.519334
 20
41.2425
 42
-0.005697
 10
19.353921
 20
41.659374
 42
-0.003711
 10
19.171999
 20
42.14427
 42
-0.003731
 10
19.001547
 20
42.620007
 42
-0.007101
 10
18.872762
 20
43.005556
 42
-0.005232
 10
18.750706
 20
43.403348
 42
-0.002451
 10
18.600675
 20
43.920523
 42
-0.002428
 10
18.448669
 20
44.464286
 42
-0.003407
 10
18.31862
 20
44.951356
 42
-0.001794
 10
18.204775
 20
45.396248
 42
-0.002208
 10
18.101874
 20
45.812209
 42
-0.001826
 10
18.018233
 20
46.16241
 42
-0.016076
 10
17.986812
 20
46.3185
 42
0.000457
 10
17.965213
 20
46.446308
 42
0.000163
 10
17.934142
 20
46.628788
 42
0.000162
 10
17.899919
 20
46.829
 42
0.000191
 10
17.867406
 20
47.018399
 42
0.001091
 10
17.837103
 20
47.192255
 42
0.001591
 10
17.809578
 20
47.345309
 42
0.000773
 10
17.785561
 20
47.475329
 42
0.028075
 10
17.778327
 20
47.504849
 42
-0.059315
 10
17.773462
 20
47.531893
 42
-0.004346
 10
17.769621
 20
47.607427
 42
-0.006011
 10
17.766899
 20
47.697854
 42
-0.004517
 10
17.766
 20
47.797388
 42
0.039661
 10
17.755501
 20
47.929545
 42
0.122743
 10
17.720667
 20
48.011291
 42
0.128013
 10
17.652547
 20
48.065156
 42
0.044883
 10
17.53335
 20
48.105282
 42
-0.026452
 10
17.411039
 20
48.141502
 42
-0.007004
 10
17.219933
 20
48.212304
 42
-0.007086
 10
17.004501
 20
48.299096
 42
-0.007234
 10
16.7931
 20
48.391386
 42
-0.014422
 10
16.582477
 20
48.494413
 42
-0.012786
 10
16.369374
 20
48.61343
 42
-0.012947
 10
16.183033
 20
48.730466
 42
-0.037844
 10
16.06343
 20
48.823742
 42
-0.021335
 10
15.957621
 20
48.928555
 42
-0.008119
 10
15.818923
 20
49.083156
 42
-0.008023
 10
15.673446
 20
49.256242
 42
-0.009734
 10
15.542906
 20
49.423253
 42
-0.023028
 10
15.418434
 20
49.606009
 42
-0.01501
 10
15.291167
 20
49.827334
 42
-0.015104
 10
15.179817
 20
50.051162
 42
-0.027693
 10
15.105026
 20
50.24058
 42
-0.023171
 10
15.049786
 20
50.436853
 42
-0.012622
 10
14.999363
 20
50.682104
 42
-0.012554
 10
14.960585
 20
50.934542
 42
-0.019445
 10
14.941113
 20
51.154169
 42
-0.023093
 10
14.940362
 20
51.377022
 42
-0.014073
 10
14.959028
 20
51.639654
 42
-0.014094
 10
14.992282
 20
51.899495
 42
-0.024147
 10
15.036488
 20
52.113442
 42
-0.018187
 10
15.096691
 20
52.316361
 42
-0.012543
 10
15.178866
 20
52.541577
 42
-0.012663
 10
15.26894
 20
52.754461
 42
-0.025132
 10
15.352858
 20
52.9173
 42
-0.024884
 10
15.453207
 20
53.071857
 42
-0.012184
 10
15.595348
 20
53.258838
 42
-0.012055
 10
15.752864
 20
53.446434
 42
-0.017118
 10
15.902407
 20
53.604783
 42
-0.029735
 10
16.077832
 20
53.758739
 42
-0.014603
 10
16.317689
 20
53.93423
 42
-0.014434
 10
16.578265
 20
54.10257
 42
-0.02035
 10
16.820374
 20
54.236101
 42
-0.016711
 10
17.173105
 20
54.397831
 42
-0.049262
 10
17.427854
 20
54.476088
 42
-0.04044
 10
17.719103
 20
54.510841
 42
-0.008542
 10
18.2313
 20
54.521518
 42
-0.008284
 10
18.725671
 20
54.515187
 42
-0.036017
 10
19.017015
 20
54.48555
 42
-0.047907
 10
19.259584
 20
54.418647
 42
-0.022929
 10
19.556198
 20
54.289479
 42
-0.022493
 10
19.764564
 20
54.175231
 42
-0.014573
 10
19.995194
 20
54.025556
 42
-0.014657
 10
20.212355
 20
53.865847
 42
-0.026752
 10
20.378155
 20
53.72133
 42
-0.015855
 10
20.524781
 20
53.569717
 42
-0.01085
 10
20.681866
 20
53.388897
 42
-0.010946
 10
20.825779
 20
53.207873
 42
-0.021676
 10
20.930321
 20
53.057157
 42
-0.026766
 10
21.020627
 20
52.895551
 42
-0.012854
 10
21.119741
 20
52.679637
 42
-0.012705
 10
21.21186
 20
52.448489
 42
-0.017731
 10
21.281518
 20
52.237135
 42
-0.024557
 10
21.344322
 20
51.973431
 42
-0.023934
 10
21.381621
 20
51.702568
 42
-0.02169
 10
21.395158
 20
51.405957
 42
-0.014209
 10
21.386199
 20
51.063829
 42
-0.014785
 10
21.3561
 20
50.707049
 42
-0.028778
 10
21.307413
 20
50.425564
 42
-0.032311
 10
21.231356
 20
50.173831
 42
-0.025124
 10
21.117774
 20
49.911244
 42
-0.019966
 10
21.007787
 20
49.709152
 42
-0.013677
 10
20.867776
 20
49.488631
 42
-0.013805
 10
20.720974
 20
49.283283
 42
-0.027018
 10
20.591123
 20
49.12983
 42
-0.01755
 10
20.450548
 20
48.990932
 42
-0.009843
 10
20.270686
 20
48.831707
 42
-0.009813
 10
20.082441
 20
48.677823
 42
-0.015761
 10
19.915423
 20
48.55498
 42
0.018818
 10
19.746342
 20
48.429021
 42
0.048544
 10
19.63769
 20
48.322624
 42
0.074133
 10
19.581447
 20
48.231069
 42
0.173611
 10
19.576769
 20
48.151995
 42
-0.015922
 10
19.596473
 20
48.075738
 42
-0.004206
 10
19.623043
 20
47.952659
 42
-0.004265
 10
19.650916
 20
47.812035
 42
-0.004371
 10
19.676148
 20
47.6721
 42
0.000926
 10
19.700738
 20
47.530133
 42
0.000837
 10
19.726687
 20
47.383402
 42
0.000838
 10
19.750369
 20
47.252055
 42
0.002674
 10
19.766791
 20
47.1645
 42
-0.003409
 10
19.782631
 20
47.079355
 42
-0.001228
 10
19.804041
 20
46.958023
 42
-0.001218
 10
19.82685
 20
46.824968
 42
-0.001446
 10
19.84772
 20
46.6992
 42
0.015407
 10
19.881929
 20
46.523564
 42
0.002212
 10
19.96451
 20
46.167013
 42
0.00251
 10
20.0662
 20
45.746085
 42
0.002142
 10
20.17754
 20
45.3033
 42
0.006554
 10
20.309534
 20
44.814482
 42
0.004263
 10
20.474203
 20
44.253203
 42
0.004287
 10
20.644288
 20
43.70814
 42
0.00814
 10
20.79207
 20
43.2729
 42
0.003892
 10
20.939706
 20
42.870187
 42
0.002923
 10
21.108197
 20
42.429279
 42
0.002955
 10
21.271606
 20
42.016297
 42
0.006784
 10
21.400677
 20
41.7078
 42
0.004971
 10
21.535041
 20
41.406733
 42
0.002322
 10
21.714776
 20
41.019289
 42
0.0023
 10
21.907077
 20
40.614602
 42
0.00322
 10
22.08288
 20
40.254933
 42
0.009489
 10
22.280755
 20
39.874905
 42
0.004797
 10
22.543682
 20
39.403339
 42
0.004762
 10
22.824631
 20
38.921353
 42
0.007068
 10
23.080655
 20
38.505084
 42
0.005465
 10
23.344917
 20
38.098617
 42
0.00384
 10
23.650793
 20
37.64677
 42
0.003875
 10
23.950286
 20
37.21873
 42
0.008097
 10
24.191336
 20
36.891201
 42
0.003945
 10
24.393744
 20
36.629615
 42
0.006264
 10
24.571562
 20
36.409255
 42
0.00196
 10
24.727767
 20
36.222064
 42
0.221381
 10
24.756255
 20
36.2088
 42
0.400093
 10
24.77215
 20
36.223943
 42
0.014855
 10
24.773846
 20
36.314418
 42
0.019735
 10
24.767989
 20
36.430477
 42
0.011658
 10
24.752313
 20
36.56835
 42
0.00285
 10
24.730418
 20
36.721261
 42
0.002379
 10
24.705467
 20
36.883415
 42
0.0024
 10
24.681221
 20
37.031545
 42
0.00655
 10
24.662196
 20
37.136013
 42
-0.006012
 10
24.643251
 20
37.239417
 42
-0.002315
 10
24.619342
 20
37.383393
 42
-0.002292
 10
24.594847
 20
37.539808
 42
-0.002824
 10
24.573495
 20
37.685913
 42
0.003864
 10
24.552715
 20
37.826073
 42
0.003974
 10
24.529956
 20
37.964577
 42
0.003847
 10
24.508345
 20
38.084348
 42
0.016811
 10
24.492649
 20
38.1546
 42
-0.02731
 10
24.476853
 20
38.232991
 42
-0.003374
 10
24.45295
 20
38.405756
 42
-0.003978
 10
24.427556
 20
38.611551
 42
-0.00328
 10
24.403661
 20
38.8314
 42
0.003541
 10
24.380313
 20
39.045183
 42
0.005245
 10
24.356557
 20
39.232192
 42
0.00249
 10
24.333941
 20
39.390585
 42
0.098942
 10
24.322112
 20
39.4236
 42
-0.102165
 10
24.310311
 20
39.45721
 42
-0.001986
 10
24.286419
 20
39.639859
 42
-0.004692
 10
24.261291
 20
39.854183
 42
-0.003118
 10
24.236315
 20
40.1004
 42
0.000273
 10
24.211288
 20
40.361933
 42
0.000274
 10
24.186011
 20
40.623069
 42
0.000267
 10
24.16372
 20
40.850783
 42
0.0011
 10
24.149839
 20
40.9887
 42
-0.004866
 10
24.136296
 20
41.134248
 42
-0.000888
 10
24.114322
 20
41.404033
 42
-0.000955
 10
24.089766
 20
41.719891
 42
-0.000867
 10
24.065593
 20
42.0462
 42
-0.009494
 10
24.04307
 20
42.468982
 42
-0.002737
 10
24.024246
 20
43.123264
 42
-0.002752
 10
24.01112
 20
43.861269
 42
-0.002929
 10
24.006477
 20
44.5842
 42
-0.002871
 10
24.010204
 20
45.304027
 42
-0.002766
 10
24.022192
 20
46.032711
 42
-0.002735
 10
24.039817
 20
46.674576
 42
-0.010075
 10
24.061348
 20
47.0799
 42
-0.001074
 10
24.085702
 20
47.402421
 42
-0.00092
 10
24.112699
 20
47.741895
 42
-0.000927
 10
24.138365
 20
48.050224
 42
-0.002656
 10
24.15773
 20
48.2643
 42
-0.000436
 10
24.176067
 20
48.453924
 42
-0.000276
 10
24.19775
 20
48.674874
 42
-0.000277
 10
24.219282
 20
48.89181
 42
-0.000513
 10
24.237051
 20
49.068
 42
-0.000355
 10
24.25513
 20
49.244189
 42
-0.000192
 10
24.277629
 20
49.461126
 42
-0.000191
 10
24.300716
 20
49.682075
 42
-0.000301
 10
24.320718
 20
49.8717
 42
-0.003437
 10
24.34078
 20
50.049159
 42
-0.003098
 10
24.363946
 20
50.232572
 42
-0.003104
 10
24.386751
 20
50.396716
 42
-0.009823
 10
24.404858
 20
50.5062
 42
0.006529
 10
24.423289
 20
50.613264
 42
0.002294
 10
24.447033
 20
50.767402
 42
0.002277
 10
24.471593
 20
50.93714
 42
0.002666
 10
24.493301
 20
51.0984
 42
-0.004053
 10
24.514611
 20
51.253457
 42
-0.004348
 10
24.537969
 20
51.404546
 42
-0.004124
 10
24.560227
 20
51.533955
 42
-0.020468
 10
24.5763
 20
51.606
 42
0.017826
 10
24.592366
 20
51.676263
 42
0.004089
 10
24.614277
 20
51.796023
 42
0.004223
 10
24.637245
 20
51.934527
 42
0.004107
 10
24.658095
 20
52.074687
 42
-0.002742
 10
24.678972
 20
52.217703
 42
-0.002509
 10
24.702021
 20
52.364781
 42
-0.002508
 10
24.723919
 20
52.495895
 42
-0.008201
 10
24.740256
 20
52.582287
 42
-0.001519
 10
24.762973
 20
52.690813
 42
-0.000114
 10
24.825642
 20
52.985404
 42
-0.000158
 10
24.900585
 20
53.336748
 42
-0.00012
 10
24.982932
 20
53.721758
 42
-0.0076
 10
25.090219
 20
54.188055
 42
-0.003407
 10
25.244709
 20
54.797761
 42
-0.003372
 10
25.416775
 20
55.440123
 42
-0.004578
 10
25.581311
 20
56.017481
 42
-0.002715
 10
25.752677
 20
56.587143
 42
-0.002101
 10
25.945347
 20
57.205957
 42
-0.002124
 10
26.130093
 20
57.782119
 42
-0.005106
 10
26.273082
 20
58.206838
 42
-0.006509
 10
26.422137
 20
58.617749
 42
-0.003059
 10
26.624973
 20
59.145214
 42
-0.00303
 10
26.84426
 20
59.695367
 42
-0.004258
 10
27.047085
 20
60.183414
 42
-0.006972
 10
27.280008
 20
60.710181
 42
-0.003217
 10
27.597004
 20
61.389319
 42
-0.003185
 10
27.939494
 20
62.099216
 42
-0.004415
 10
28.256175
 20
62.7309
 42
-0.002805
 10
28.570072
 20
63.335094
 42
-0.002479
 10
28.903811
 20
63.961217
 42
-0.002489
 10
29.210144
 20
64.522419
 42
-0.007569
 10
29.425995
 20
64.899613
 42
-0.004201
 10
29.629333
 20
65.236302
 42
-0.002258
 10
29.885457
 20
65.648273
 42
-0.002249
 10
30.150391
 20
66.065971
 42
-0.003527
 10
30.382289
 20
66.422413
 42
-0.007015
 10
30.643406
 20
66.805835
 42
-0.002901
 10
31.006887
 20
67.317458
 42
-0.00287
 10
31.402954
 20
67.861534
 42
-0.003694
 10
31.773532
 20
68.3568
 42
-0.001301
 10
32.117231
 20
68.806703
 42
-0.001732
 10
32.432001
 20
69.213598
 42
-0.001216
 10
32.69794
 20
69.553214
 42
-0.017653
 10
32.796516
 20
69.669759
 42
0.002781
 10
32.877792
 20
69.760251
 42
0.000791
 10
33.003085
 20
69.901771
 42
0.000797
 10
33.144044
 20
70.06201
 42
0.000844
 10
33.281811
 20
70.219659
 42
-0.008253
 10
33.467725
 20
70.426148
 42
-0.00183
 10
33.793054
 20
70.773146
 42
-0.001901
 10
34.171991
 20
71.171326
 42
-0.001831
 10
34.558655
 20
71.5716
 42
-0.00196
 10
34.967016
 20
71.987971
 42
-0.001555
 10
35.411365
 20
72.434708
 42
-0.001571
 10
35.826033
 20
72.846425
 42
-0.003932
 10
36.132044
 20
73.14364
 42
-0.006385
 10
36.432206
 20
73.423374
 42
-0.003086
 10
36.823132
 20
73.774096
 42
-0.00306
 10
37.235045
 20
74.134606
 42
-0.004393
 10
37.6047
 20
74.448525
 42
0.003027
 10
37.930974
 20
74.724073
 42
0.004616
 10
38.210497
 20
74.967556
 42
0.00177
 10
38.44746
 20
75.179349
 42
0.114111
 10
38.478986
 20
75.224393
 42
0.195935
 10
38.478815
 20
75.272674
 42
0.008084
 10
38.408961
 20
75.434858
 42
0.013006
 10
38.316234
 20
75.627373
 42
0.008756
 10
38.200882
 20
75.842395
 42
-0.005391
 10
38.084221
 20
76.056389
 42
-0.008104
 10
37.987543
 20
76.245712
 42
-0.003952
 10
37.909848
 20
76.407369
 42
-0.157323
 10
37.904872
 20
76.446028
 42
0.126562
 10
37.903167
 20
76.471154
 42
0.060615
 10
37.889279
 20
76.500609
 42
0.054376
 10
37.866292
 20
76.529605
 42
0.051594
 10
37.837215
 20
76.553541
 42
-0.096929
 10
37.788833
 20
76.601298
 42
-0.001776
 10
37.586125
 20
76.900737
 42
-0.004318
 10
37.353346
 20
77.253792
 42
-0.002863
 10
37.092025
 20
77.6628
 42
0.002727
 10
36.796292
 20
78.125947
 42
0.001916
 10
36.458643
 20
78.644069
 42
0.001933
 10
36.131623
 20
79.137534
 42
0.004049
 10
35.872686
 20
79.518292
 42
-0.007177
 10
35.663111
 20
79.830647
 42
-0.010917
 10
35.490988
 20
80.108401
 42
-0.00578
 10
35.355106
 20
80.344967
 42
-0.205963
 10
35.3487
 20
80.406592
 42
0.036937
 10
35.356017
 20
80.438007
 42
0.244373
 10
35.351043
 20
80.452799
 42
0.346751
 10
35.338242
 20
80.454077
 42
0.054396
 10
35.317077
 20
80.437077
 42
-0.355658
 10
35.280763
 20
80.433361
 42
-0.042573
 10
35.212631
 20
80.486954
 42
-0.035618
 10
35.131009
 20
80.574926
 42
-0.020738
 10
35.045523
 20
80.690877
 42
0.009456
 10
34.928311
 20
80.857606
 42
0.002402
 10
34.731722
 20
81.123609
 42
0.002448
 10
34.504207
 20
81.425288
 42
0.002476
 10
34.274588
 20
81.7236
 42
0.003957
 10
34.002618
 20
82.067682
 42
0.001759
 10
33.638839
 20
82.517254
 42
0.001741
 10
33.250366
 20
82.990532
 42
0.002352
 10
32.895601
 20
83.4156
 42
0.001562
 10
32.556076
 20
83.815996
 42
0.001559
 10
32.213821
 20
84.214541
 42
0.001524
 10
31.912744
 20
84.560795
 42
0.006154
 10
31.725834
 20
84.7692
 42
0.005805
 10
31.523578
 20
84.984144
 42
0.001082
 10
31.146902
 20
85.373561
 42
0.001159
 10
30.704517
 20
85.826828
 42
0.001058
 10
30.246468
 20
86.292
 42
0.000584
 10
29.793055
 20
86.749449
 42
0.000697
 10
29.364688
 20
87.179419
 42
0.0006
 10
29.0026
 20
87.540983
 42
0.004582
  0
LWPOLYLINE
  5
31A
330
1D
100
AcDbEntity
  8
0
100
AcDbPolyline
 90
      976
 70
     1
 43
0.0
 10
54.662616
 20
81.432481
 42
0.31359
 10
54.600236
 20
81.460802
 42
0.012674
 10
54.344292
 20
81.407074
 42
0.015651
 10
53.996431
 20
81.313207
 42
0.006059
 10
53.520463
 20
81.162325
 42
0.003428
 10
53.044081
 20
81.001304
 42
0.002436
 10
52.512165
 20
80.814533
 42
0.002459
 10
52.00623
 20
80.631301
 42
0.005227
 10
51.616963
 20
80.483515
 42
-0.000625
 10
51.301659
 20
80.360477
 42
-0.00097
 10
51.029182
 20
80.25515
 42
-0.000278
 10
50.791839
 20
80.164086
 42
-0.031875
 10
50.76
 20
80.154164
 42
0.027773
 10
50.734598
 20
80.146477
 42
0.003442
 10
50.680423
 20
80.126314
 42
0.004054
 10
50.616384
 20
80.10138
 42
0.003345
 10
50.5485
 20
80.073786
 42
0.001423
 10
50.440213
 20
80.02856
 42
0.000127
 10
50.168064
 20
79.913907
 42
0.000165
 10
49.84355
 20
79.776968
 42
0.000129
 10
49.491
 20
79.627956
 42
0.007163
 10
49.053865
 20
79.43563
 42
0.002773
 10
48.453592
 20
79.157162
 42
0.002745
 10
47.806315
 20
78.848162
 42
0.003392
 10
47.2068
 20
78.552874
 42
0.004673
 10
46.58617
 20
78.234645
 42
0.003016
 10
45.873028
 20
77.855019
 42
0.003031
 10
45.180215
 20
77.47539
 42
0.005713
 10
44.6265
 20
77.159266
 42
0.004829
 10
44.087451
 20
76.836258
 42
0.002755
 10
43.4421
 20
76.436125
 42
0.002751
 10
42.797002
 20
76.026247
 42
0.004555
 10
42.2577
 20
75.672424
 42
0.007019
 10
41.717207
 20
75.299643
 42
0.003874
 10
41.066713
 20
74.82976
 42
0.003861
 10
40.414509
 20
74.343111
 42
0.006192
 10
39.866475
 20
73.916773
 42
0.002876
 10
39.356707
 20
73.505148
 42
0.002441
 10
38.822925
 20
73.064675
 42
0.00246
 10
38.340674
 20
72.658714
 42
0.006918
 10
38.008652
 20
72.368404
 42
0.005263
 10
37.69086
 20
72.076575
 42
0.002086
 10
37.260171
 20
71.669244
 42
0.002064
 10
36.798777
 20
71.225562
 42
0.002588
 10
36.374799
 20
70.8102
 42
0.007716
 10
35.934993
 20
70.361202
 42
0.004559
 10
35.423255
 20
69.812449
 42
0.00456
 10
34.922219
 20
69.255131
 42
0.0078
 10
34.515679
 20
68.7798
 42
0.003214
 10
34.138996
 20
68.319216
 42
0.002436
 10
33.731478
 20
67.809279
 42
0.002462
 10
33.353654
 20
67.326886
 42
0.005733
 10
33.07656
 20
66.9609
 42
0.004428
 10
32.812631
 20
66.597175
 42
0.002111
 10
32.479309
 20
66.124946
 42
0.002093
 10
32.135168
 20
65.628583
 42
0.002975
 10
31.833755
 20
65.1843
 42
0.003969
 10
31.541225
 20
64.739949
 42
0.002929
 10
31.224223
 20
64.243654
 42
0.00296
 10
30.930115
 20
63.771021
 42
0.006625
 10
30.713578
 20
63.4077
 42
0.007817
 10
30.501883
 20
63.027983
 42
0.003051
 10
30.220908
 20
62.497192
 42
0.00302
 10
29.923738
 20
61.918934
 42
0.003749
 10
29.654595
 20
61.3773
 42
0.00588
 10
29.384002
 20
60.805366
 42
0.003732
 10
29.081639
 20
60.133151
 42
0.003748
 10
28.794648
 20
59.468717
 42
0.006925
 10
28.572998
 20
58.9239
 42
0.001674
 10
28.387943
 20
58.445629
 42
0.001926
 10
28.214656
 20
57.988012
 42
0.001728
 10
28.070618
 20
57.599077
 42
0.011174
 10
28.003054
 20
57.4011
 42
-0.012175
 10
27.955888
 20
57.263791
 42
-0.012744
 10
27.902756
 20
57.131041
 42
-0.012487
 10
27.851184
 20
57.018939
 42
-0.053736
 10
27.812016
 20
56.95695
 42
0.030816
 10
27.783663
 20
56.916321
 42
0.07167
 10
27.769081
 20
56.882264
 42
0.15722
 10
27.770176
 20
56.860549
 42
0.311664
 10
27.783718
 20
56.8512
 42
-0.38917
 10
27.797981
 20
56.838117
 42
-0.075055
 10
27.795547
 20
56.799885
 42
-0.046042
 10
27.777785
 20
56.743549
 42
-0.023493
 10
27.745862
 20
56.67651
 42
0.020752
 10
27.707719
 20
56.597527
 42
0.013896
 10
27.67044
 20
56.50436
 42
0.014006
 10
27.639311
 20
56.411917
 42
0.026644
 10
27.620394
 20
56.335779
 42
-0.019173
 10
27.596888
 20
56.234747
 42
-0.002299
 10
27.535429
 20
56.013998
 42
-0.002736
 10
27.459712
 20
55.752259
 42
-0.002246
 10
27.376056
 20
55.473515
 42
0.004524
 10
27.284656
 20
55.163849
 42
0.003028
 10
27.185451
 20
54.808026
 42
0.003049
 10
27.093508
 20
54.462048
 42
0.006
 10
27.025397
 20
54.185696
 42
0.000112
 10
26.969605
 20
53.946792
 42
0.000127
 10
26.916331
 20
53.718179
 42
0.000115
 10
26.871204
 20
53.524101
 42
0.000722
 10
26.848313
 20
53.4249
 42
0.004047
 10
26.830681
 20
53.34502
 42
0.001999
 10
26.809509
 20
53.243274
 42
0.001983
 10
26.788381
 20
53.137518
 42
0.002897
 10
26.770683
 20
53.0442
 42
-0.003781
 10
26.752247
 20
52.947924
 42
-0.002202
 10
26.728751
 20
52.8327
 42
-0.002202
 10
26.704197
 20
52.717488
 42
-0.003723
 10
26.682482
 20
52.6212
 42
0.001756
 10
26.661575
 20
52.530168
 42
0.001385
 10
26.639563
 20
52.431488
 42
0.0014
 10
26.619629
 20
52.339722
 42
0.003471
 10
26.605684
 20
52.272371
 42
0.006105
 10
26.591855
 20
52.198473
 42
0.001579
 10
26.571398
 20
52.07904
 42
0.001606
 10
26.548939
 20
51.942707
 42
0.001636
 10
26.527498
 20
51.807071
 42
-0.001465
 10
26.504298
 20
51.659984
 42
-0.000925
 10
26.476403
 20
51.488462
 42
-0.000929
 10
26.448358
 20
51.319971
 42
-0.00171
 10
26.424817
 20
51.183
 42
-0.000794
 10
26.402552
 20
51.057232
 42
-0.00067
 10
26.378595
 20
50.924177
 42
-0.000675
 10
26.35641
 20
50.802839
 42
-0.001879
 10
26.340394
 20
50.7177
 42
0.008243
 10
26.32507
 20
50.630118
 42
0.002601
 10
26.305018
 20
50.498797
 42
0.002597
 10
26.284171
 20
50.352067
 42
0.00288
 10
26.265586
 20
50.2101
 42
-0.001632
 10
26.245809
 20
50.056053
 42
-0.000956
 10
26.221172
 20
49.8717
 42
-0.000955
 10
26.195818
 20
49.687353
 42
-0.001625
 10
26.17382
 20
49.5333
 42
0.000643
 10
26.152816
 20
49.388246
 42
0.000517
 10
26.130587
 20
49.232177
 42
0.000522
 10
26.110344
 20
49.087914
 42
0.001336
 10
26.096075
 20
48.9834
 42
0.008203
 10
26.081263
 20
48.856954
 42
0.001179
 10
26.055837
 20
48.597941
 42
0.001338
 10
26.027306
 20
48.291416
 42
0.001143
 10
25.998837
 20
47.9682
 42
0.01372
 10
25.972027
 20
47.507494
 42
0.002516
 10
25.95015
 20
46.655049
 42
0.002702
 10
25.934959
 20
45.657112
 42
0.002454
 10
25.9299
 20
44.6265
 42
0.002375
 10
25.934752
 20
43.605169
 42
0.002772
 10
25.949346
 20
42.635227
 42
0.002455
 10
25.970262
 20
41.81516
 42
0.016776
 10
25.996101
 20
41.4117
 42
0.001193
 10
26.024558
 20
41.127765
 42
0.001079
 10
26.055316
 20
40.834305
 42
0.00108
 10
26.083998
 20
40.571606
 42
0.00345
 10
26.104723
 20
40.3965
 42
0.003504
 10
26.127112
 20
40.227508
 42
0.001296
 10
26.160937
 20
39.989759
 42
0.001285
 10
26.19919
 20
39.730484
 42
0.001548
 10
26.236516
 20
39.48705
 42
0.006242
 10
26.273587
 20
39.268111
 42
0.010217
 10
26.311083
 20
39.083746
 42
0.004169
 10
26.34697
 20
38.930073
 42
0.346172
 10
26.364861
 20
38.916
 42
0.266096
 10
26.385177
 20
38.927636
 42
0.009455
 10
26.430968
 20
39.009192
 42
0.015232
 10
26.482021
 20
39.111658
 42
0.009812
 10
26.53518
 20
39.23325
 42
-0.002577
 10
26.59764
 20
39.381941
 42
-0.001294
 10
26.677985
 20
39.569138
 42
-0.001284
 10
26.76208
 20
39.762318
 42
-0.001902
 10
26.836882
 20
39.9312
 42
-0.006363
 10
26.93358
 20
40.140123
 42
-0.001423
 10
27.104103
 20
40.493989
 42
-0.001476
 10
27.30339
 20
40.901485
 42
-0.001426
 10
27.50735
 20
41.312476
 42
-0.008142
 10
27.747831
 20
41.774632
 42
-0.004257
 10
28.061507
 20
42.342604
 42
-0.004232
 10
28.39319
 20
42.919805
 42
-0.006465
 10
28.691553
 20
43.414229
 42
-0.006446
 10
29.007052
 20
43.907775
 42
-0.003923
 10
29.391915
 20
44.48318
 42
-0.003931
 10
29.78255
 20
45.047816
 42
-0.006938
 10
30.115127
 20
45.506879
 42
-0.005329
 10
30.453477
 20
45.95058
 42
-0.003271
 10
30.861103
 20
46.466481
 42
-0.003278
 10
31.271209
 20
46.971771
 42
-0.005843
 10
31.616196
 20
47.381327
 42
-0.000824
 10
31.92485
 20
47.737988
 42
-0.00093
 10
32.222481
 20
48.07948
 42
-0.000849
 10
32.47664
 20
48.369009
 42
-0.005091
 10
32.610686
 20
48.5181
 42
-0.002998
 10
32.72673
 20
48.643042
 42
-0.001163
 10
32.888827
 20
48.814681
 42
-0.001151
 10
33.065297
 20
48.999814
 42
-0.001426
 10
33.230488
 20
49.171336
 10
33.617384
 20
49.570772
 10
33.433266
 20
49.975036
 42
-0.014215
 10
33.357603
 20
50.154525
 42
-0.010057
 10
33.282523
 20
50.359952
 42
-0.010162
 10
33.218677
 20
50.559294
 42
-0.021064
 10
33.178648
 20
50.7177
 42
-0.024834
 10
33.153244
 20
50.879496
 42
-0.011801
 10
33.135865
 20
51.089737
 42
-0.011665
 10
33.128
 20
51.310872
 42
-0.016212
 10
33.132003
 20
51.509008
 42
-0.01509
 10
33.148268
 20
51.704985
 42
-0.011321
 10
33.177539
 20
51.919494
 42
-0.01147
 10
33.214322
 20
52.120272
 42
-0.025617
 10
33.253517
 20
52.270408
 42
-0.020241
 10
33.306022
 20
52.41557
 42
-0.00934
 10
33.385401
 20
52.600111
 42
-0.009233
 10
33.476193
 20
52.791296
 42
-0.012655
 10
33.565346
 20
52.9596
 42
-0.025436
 10
33.672345
 20
53.129019
 42
-0.014161
 10
33.81868
 20
53.324545
 42
-0.014097
 10
33.97834
 20
53.514486
 42
-0.022123
 10
34.127008
 20
53.667367
 42
-0.028871
 10
34.299218
 20
53.811654
 42
-0.014092
 10
34.533957
 20
53.976241
 42
-0.013929
 10
34.788451
 20
54.134189
 42
-0.019587
 10
35.0244
 20
54.259567
 42
-0.017746
 10
35.361343
 20
54.407528
 42
-0.046249
 10
35.615077
 20
54.482102
 42
-0.038788
 10
35.902725
 20
54.515586
 42
-0.009587
 10
36.378
 20
54.5247
 42
-0.009601
 10
36.834339
 20
54.515936
 42
-0.033993
 10
37.12547
 20
54.484853
 42
-0.042985
 10
37.372996
 20
54.418943
 42
-0.023039
 10
37.665448
 20
54.297967
 42
-0.025757
 10
37.880699
 20
54.183211
 42
-0.014673
 10
38.128925
 20
54.02388
 42
-0.014625
 10
38.370031
 20
53.848368
 42
-0.023389
 10
38.563936
 20
53.683295
 42
-0.028242
 10
38.750534
 20
53.487873
 42
-0.018818
 10
38.942408
 20
53.24479
 42
-0.01853
 10
39.119836
 20
52.981802
 42
-0.023387
 10
39.263028
 20
52.725627
 42
-0.016176
 10
39.424963
 20
52.373075
 42
-0.048284
 10
39.503783
 20
52.11983
 42
-0.04134
 10
39.538806
 20
51.83562
 42
-0.00951
 10
39.54894
 20
51.3522
 42
-0.009549
 10
39.540776
 20
50.876404
 42
-0.038903
 10
39.507883
 20
50.589169
 42
-0.046423
 10
39.433772
 20
50.335801
 42
-0.017709
 10
39.286108
 20
49.9986
 42
-0.023072
 10
39.158469
 20
49.761762
 42
-0.015727
 10
38.992875
 20
49.504486
 42
-0.015876
 10
38.817073
 20
49.265931
 42
-0.030543
 10
38.659142
 20
49.088711
 42
-0.024478
 10
38.488785
 20
48.93537
 42
-0.015256
 10
38.275413
 20
48.772009
 42
-0.015301
 10
38.054646
 20
48.623453
 42
-0.026681
 10
37.861975
 20
48.516094
 42
-0.0084
 10
37.680373
 20
48.430995
 42
-0.008139
 10
37.494107
 20
48.351113
 42
-0.008079
 10
37.328012
 20
48.286174
 42
-0.029525
 10
37.219941
 20
48.253037
 42
-0.024357
 10
37.10519
 20
48.230995
 42
-0.005642
 10
36.910191
 20
48.205544
 42
-0.005811
 10
36.684747
 20
48.181357
 42
-0.005657
 10
36.456775
 20
48.162175
 42
-0.019216
 10
36.188464
 20
48.152995
 42
-0.021553
 10
35.930377
 20
48.165219
 42
-0.02261
 10
35.686496
 20
48.198503
 42
-0.026962
 10
35.460793
 20
48.252485
 10
35.020536
 20
48.383228
 10
34.662918
 20
47.990101
 42
-0.000766
 10
34.516698
 20
47.829856
 42
-0.000816
 10
34.373073
 20
47.673453
 42
-0.000775
 10
34.249102
 20
47.539312
 42
-0.003804
 10
34.1784
 20
47.464201
 42
0.008976
 10
34.099766
 20
47.378913
 42
0.000886
 10
33.914818
 20
47.1702
 42
0.001119
 10
33.695358
 20
46.920531
 42
0.000887
 10
33.4593
 20
46.649798
 42
0.000613
 10
33.220073
 20
46.373762
 42
0.000692
 10
32.99098
 20
46.108022
 42
0.000631
 10
32.796724
 20
45.881483
 42
0.003781
 10
32.696619
 20
45.762635
 42
0.003039
 10
32.602013
 20
45.647155
 42
0.000635
 10
32.43767
 20
45.443517
 42
0.000666
 10
32.247563
 20
45.206696
 42
0.00063
 10
32.05449
 20
44.9649
 42
0.006803
 10
31.834625
 20
44.680998
 42
0.003252
 10
31.55949
 20
44.310572
 42
0.003223
 10
31.277132
 20
43.919955
 42
0.004587
 10
31.031698
 20
43.569
 42
0.005098
 10
30.788784
 20
43.206911
 42
0.003264
 10
30.513699
 20
42.781666
 42
0.003279
 10
30.249638
 20
42.361508
 42
0.006121
 10
30.042242
 20
42.017315
 42
0.005049
 10
29.84651
 20
41.675428
 42
0.002988
 10
29.619547
 20
41.263782
 42
0.002989
 10
29.397915
 20
40.85019
 42
0.00513
 10
29.218784
 20
40.502461
 42
0.003877
 10
29.047275
 20
40.154261
 42
0.002349
 10
28.84943
 20
39.73965
 42
0.002353
 10
28.656914
 20
39.326248
 42
0.004141
 10
28.502252
 20
38.982539
 42
0.006593
 10
28.353563
 20
38.632194
 42
0.003567
 10
28.179369
 20
38.197397
 42
0.003552
 10
28.008279
 20
37.752089
 42
0.005595
 10
27.868425
 20
37.367193
 42
0.001663
 10
27.7506
 20
37.027646
 42
0.002272
 10
27.64686
 20
36.720922
 42
0.001481
 10
27.561676
 20
36.462689
 42
0.026286
 10
27.538864
 20
36.378
 42
-0.008273
 10
27.520858
 20
36.300077
 42
-0.000967
 10
27.477439
 20
36.126844
 42
-0.00116
 10
27.424928
 20
35.921051
 42
-0.000949
 10
27.367841
 20
35.7012
 42
0.002795
 10
27.310037
 20
35.475159
 42
0.002879
 10
27.255344
 20
35.250705
 42
0.002782
 10
27.21014
 20
35.055615
 42
0.012245
 10
27.186948
 20
34.9398
 42
-0.005806
 10
27.170076
 20
34.849527
 42
-0.004714
 10
27.149957
 20
34.753151
 42
-0.004765
 10
27.129728
 20
34.664671
 42
-0.012333
 10
27.112968
 20
34.6014
 42
0.018536
 10
27.095446
 20
34.531778
 42
0.004489
 10
27.071801
 20
34.415436
 42
0.004599
 10
27.047089
 20
34.2814
 42
0.004558
 10
27.024768
 20
34.146529
 42
-0.001853
 10
27.002577
 20
34.007793
 42
-0.001596
 10
26.978248
 20
33.862134
 42
-0.001606
 10
26.955328
 20
33.730122
 42
-0.004648
 10
26.938318
 20
33.638929
 42
0.008757
 10
26.921554
 20
33.544772
 42
0.002598
 10
26.899194
 20
33.400236
 42
0.002606
 10
26.875754
 20
33.237527
 42
0.002809
 10
26.854612
 20
33.0786
 42
-0.004433
 10
26.832627
 20
32.91734
 42
-0.003775
 10
26.806641
 20
32.747602
 42
-0.003806
 10
26.780651
 20
32.593493
 42
-0.010742
 10
26.759369
 20
32.4864
 42
0.053032
 10
26.740069
 20
32.314319
 42
0.000066
 10
26.720563
 20
28.826216
 42
0.000591
 10
26.703848
 20
24.920556
 42
0.000364
 10
26.692947
 20
20.3232
 42
-0.000303
 10
26.682632
 20
15.737673
 42
-0.000503
 10
26.667706
 20
11.870947
 42
-0.000014
 10
26.650577
 20
8.371091
 42
-0.197633
 10
26.63461
 20
8.33281
 42
-0.531347
 10
26.611396
 20
8.337309
 42
-0.001707
 10
26.475658
 20
8.659128
 42
-0.00622
 10
26.322451
 20
9.039076
 42
-0.003633
 10
26.147827
 20
9.49801
 42
0.006194
 10
25.941186
 20
10.03283
 42
0.004014
 10
25.689574
 20
10.646472
 42
0.004035
 10
25.434124
 20
11.241978
 42
0.007632
 10
25.217053
 20
11.7171
 42
0.006003
 10
24.996303
 20
12.167372
 42
0.003901
 10
24.730924
 20
12.682598
 42
0.003922
 10
24.463979
 20
13.181532
 42
0.007441
 10
24.239955
 20
13.5783
 42
0.004428
 10
24.013822
 20
13.957489
 42
0.002736
 10
23.741595
 20
14.399449
 42
0.002743
 10
23.467821
 20
14.833204
 42
0.004927
 10
23.2377
 20
15.1857
 42
0.005167
 10
22.999408
 20
15.535096
 42
0.002811
 10
22.69991
 20
15.959526
 42
0.0028
 10
22.39046
 20
16.387776
 42
0.004437
 10
22.120059
 20
16.7508
 42
0.005807
 10
21.829162
 20
17.125084
 42
0.002908
 10
21.453215
 20
17.591777
 42
0.002887
 10
21.058568
 20
18.070225
 42
0.004262
 10
20.706271
 20
18.4851
 42
0.008422
 10
20.315242
 20
18.922594
 42
0.003909
 10
19.793626
 20
19.478
 42
0.00387
 10
19.2366
 20
20.052917
 42
0.005384
 10
18.728393
 20
20.558384
 42
0.004661
 10
18.229328
 20
21.035202
 42
0.004117
 10
17.700521
 20
21.522966
 42
0.004138
 10
17.216693
 20
21.95468
 42
0.012525
 10
16.8777
 20
22.237447
 42
-0.000766
 10
16.604893
 20
22.454333
 42
-0.000877
 10
16.344872
 20
22.662453
 42
-0.00079
 10
16.124888
 20
22.839734
 42
-0.005025
 10
16.014216
 20
22.931065
 42
0.019053
 10
15.89145
 20
23.026718
 42
0.001748
 10
15.576866
 20
23.251444
 42
0.002256
 10
15.199443
 20
23.516521
 42
0.001766
 10
14.787516
 20
23.800911
 42
0.002496
 10
14.345918
 20
24.10026
 42
0.002152
 10
13.879046
 20
24.410447
 42
0.002166
 10
13.453168
 20
24.688126
 42
0.006279
 10
13.1553
 20
24.875249
 42
0.011244
 10
12.841319
 20
25.057472
 42
0.003311
 10
12.351864
 20
25.322797
 42
0.003323
 10
11.79727
 20
25.61398
 42
0.003567
 10
11.2518
 20
25.890853
 42
0.004421
 10
10.690852
 20
26.1644
 42
0.003676
 10
10.089608
 20
26.445639
 42
0.003711
 10
9.535127
 20
26.695088
 42
0.010029
 10
9.1368
 20
26.861284
 42
0.006224
 10
8.741626
 20
27.011279
 42
0.002554
 10
8.201979
 20
27.205344
 42
0.002526
 10
7.620484
 20
27.407809
 42
0.003236
 10
7.083032
 20
27.588021
 42
0.008987
 10
6.50544
 20
27.766111
 42
0.005028
 10
5.79699
 20
27.962984
 42
0.005014
 10
5.076685
 20
28.147652
 42
0.008128
 10
4.460432
 20
28.288493
 42
0.001896
 10
3.904923
 20
28.403786
 42
0.002143
 10
3.37079
 20
28.51015
 42
0.001954
 10
2.915944
 20
28.596858
 42
0.011757
 10
2.678398
 20
28.635425
 42
-0.002442
 10
2.508219
 20
28.65981
 42
-0.002327
 10
2.335519
 20
28.686239
 42
-0.002307
 10
2.183146
 20
28.711005
 42
-0.008275
 10
2.086198
 20
28.728876
 42
0.022303
 10
1.974857
 20
28.746187
 42
0.00293
 10
1.736797
 20
28.770982
 42
0.003399
 10
1.453929
 20
28.796829
 42
0.002842
 10
1.153304
 20
28.820519
 42
0.003503
 10
0.682605
 20
28.851607
 42
0.052376
 10
0.518288
 20
28.844091
 42
0.247209
 10
0.456994
 20
28.798923
 42
0.185173
 10
0.449766
 20
28.713924
 42
-0.023337
 10
0.471019
 20
28.625042
 42
-0.005594
 10
0.497716
 20
28.475662
 42
-0.005735
 10
0.524508
 20
28.303284
 42
-0.005652
 10
0.54748
 20
28.1295
 42
0.005862
 10
0.575853
 20
27.915535
 42
0.002029
 10
0.62168
 20
27.607362
 42
0.002016
 10
0.674925
 20
27.268183
 42
0.002342
 10
0.728382
 20
26.946009
 42
0.004527
 10
0.789148
 20
26.608556
 42
0.003
 10
0.86473
 20
26.222261
 42
0.003019
 10
0.942672
 20
25.847874
 42
0.005869
 10
1.010206
 20
25.550109
 42
0.004382
 10
1.087026
 20
25.240933
 42
0.00183
 10
1.195766
 20
24.825409
 42
0.00181
 10
1.315399
 20
24.381487
 42
0.002346
 10
1.428486
 20
23.975323
 42
0.004625
 10
1.548382
 20
23.566828
 42
0.003387
 10
1.688694
 20
23.115656
 42
0.003422
 10
1.827407
 20
22.690147
 42
0.007571
 10
1.940345
 20
22.367923
 42
0.003631
 10
2.053761
 20
22.066166
 42
0.002185
 10
2.192474
 20
21.709747
 42
0.002187
 10
2.333489
 20
21.356583
 42
0.003822
 10
2.453832
 20
21.0654
 42
-0.000503
 10
2.566572
 20
20.797663
 42
-0.000442
 10
2.683763
 20
20.517879
 42
-0.000444
 10
2.789084
 20
20.265181
 42
-0.001335
 10
2.860334
 20
20.0925
 42
0.012698
 10
2.918198
 20
19.960831
 42
0.017202
 10
2.977485
 20
19.845221
 42
0.014216
 10
3.031937
 20
19.753692
 42
0.151123
 10
3.064553
 20
19.7259
 42
-0.158027
 10
3.08979
 20
19.703801
 42
-0.051555
 10
3.110916
 20
19.658352
 42
-0.045391
 10
3.12536
 20
19.599683
 42
-0.037684
 10
3.1302
 20
19.53555
 42
0.041895
 10
3.135411
 20
19.47347
 42
0.061462
 10
3.151074
 20
19.421032
 42
0.080759
 10
3.174084
 20
19.385461
 42
0.21195
 10
3.201259
 20
19.3734
 42
-0.249459
 10
3.234967
 20
19.355466
 42
-0.024448
 10
3.284251
 20
19.273995
 42
-0.02637
 10
3.336049
 20
19.164655
 42
-0.017731
 10
3.384
 20
19.035
 42
0.017731
 10
3.431951
 20
18.905345
 42
0.02637
 10
3.483749
 20
18.796005
 42
0.024448
 10
3.533033
 20
18.714534
 42
0.249459
 10
3.566741
 20
18.6966
 42
-0.111911
 10
3.593849
 20
18.690456
 42
-0.10012
 10
3.616926
 20
18.67308
 42
-0.094465
 10
3.632408
 20
18.647105
 42
-0.087502
 10
3.6378
 20
18.616533
 42
0.112299
 10
3.649662
 20
18.564382
 42
0.005402
 10
3.729078
 20
18.403333
 42
0.008596
 10
3.82949
 20
18.213307
 42
0.006069
 10
3.948533
 20
18.003183
 42
0.006307
 10
4.110657
 20
17.732843
 42
0.002097
 10
4.354841
 20
17.340762
 42
0.002087
 10
4.629041
 20
16.908587
 42
0.002375
 10
4.895359
 20
16.497
 42
0.003089
 10
5.166854
 20
16.087299
 42
0.002675
 10
5.456624
 20
15.660782
 42
0.002692
 10
5.723286
 20
15.277202
 42
0.007864
 10
5.91281
 20
15.0165
 42
0.006
 10
6.103339
 20
14.769137
 42
0.002403
 10
6.369782
 20
14.434984
 42
0.002377
 10
6.660441
 20
14.077525
 42
0.002999
 10
6.932934
 20
13.749672
 42
0.008955
 10
7.251486
 20
13.384526
 42
0.003707
 10
7.694703
 20
12.901725
 42
0.003666
 10
8.177547
 20
12.391083
 42
0.004717
 10
8.6292
 20
11.929194
 42
0.006552
 10
9.098936
 20
11.469987
 42
0.004656
 10
9.636997
 20
10.967073
 42
0.004701
 10
10.159611
 20
10.496608
 42
0.009958
 10
10.575
 20
10.144155
 42
0.00726
 10
10.991115
 20
9.815041
 42
0.003909
 10
11.513002
 20
9.420895
 42
0.003892
 10
12.051302
 20
9.027391
 42
0.006103
 10
12.5208
 20
8.698376
 42
0.00479
 10
12.984433
 20
8.388308
 42
0.003526
 10
13.503746
 20
8.053367
 42
0.003563
 10
13.999444
 20
7.74352
 42
0.007939
 10
14.382
 20
7.516462
 42
0.005841
 10
14.756254
 20
7.308058
 42
0.00316
 10
15.22138
 20
7.059914
 42
0.003147
 10
15.698214
 20
6.813198
 42
0.004959
 10
16.110864
 20
6.608102
 42
0.001167
 10
16.480998
 20
6.429759
 42
0.001427
 10
16.827986
 20
6.26478
 42
0.00119
 10
17.120484
 20
6.127582
 42
0.010156
 10
17.252964
 20
6.069071
 42
0.00126
 10
17.339133
 20
6.033341
 42
0.001617
 10
17.418601
 20
6.000925
 42
0.001239
 10
17.48537
 20
5.974132
 42
0.013929
 10
17.5122
 20
5.9643
 42
-0.011226
 10
17.539893
 20
5.954321
 42
-0.000791
 10
17.616628
 20
5.924568
 42
-0.001119
 10
17.708006
 20
5.888735
 42
-0.000843
 10
17.8083
 20
5.848951
 42
-0.000905
 10
17.914775
 20
5.806283
 42
-0.000817
 10
18.024823
 20
5.761744
 42
-0.000818
 10
18.123321
 20
5.721504
 42
-0.002598
 10
18.189
 20
5.694147
 42
0.004292
 10
18.240686
 20
5.672823
 42
0.004741
 10
18.291049
 20
5.653102
 42
0.004417
 10
18.334343
 20
5.637057
 42
0.02415
 10
18.3582
 20
5.629735
 42
-0.019278
 10
18.388571
 20
5.620737
 42
-0.000485
 10
18.524756
 20
5.57446
 42
-0.00104
 10
18.684441
 20
5.519654
 42
-0.000709
 10
18.8658
 20
5.4567
 42
0.001242
 10
19.047161
 20
5.393962
 42
0.001828
 10
19.206844
 20
5.339818
 42
0.000844
 10
19.343165
 20
5.294407
 42
0.034461
 10
19.3734
 20
5.286655
 42
-0.024671
 10
19.403766
 20
5.279499
 42
-0.00062
 10
19.539956
 20
5.240044
 42
-0.001329
 10
19.699641
 20
5.193108
 42
-0.000905
 10
19.881
 20
5.138918
 42
0.002095
 10
20.06538
 20
5.084304
 42
0.002737
 10
20.234469
 20
5.035991
 42
0.002023
 10
20.376512
 20
4.996865
 42
0.02542
 10
20.4309
 20
4.98505
 42
-0.028344
 10
20.475919
 20
4.974994
 42
-0.007156
 10
20.547842
 20
4.953474
 42
-0.007278
 10
20.629453
 20
4.926465
 42
-0.00729
 10
20.710199
 20
4.897105
 42
0.015548
 10
20.801168
 20
4.865719
 42
0.00843
 10
20.914769
 20
4.832527
 42
0.00839
 10
21.031625
 20
4.802609
 42
0.013121
 10
21.133199
 20
4.781213
 42
-0.001782
 10
21.235962
 20
4.761988
 42
-0.001103
 10
21.356565
 20
4.738705
 42
-0.001106
 10
21.475566
 20
4.715185
 42
-0.001994
 10
21.573
 20
4.6953
 42
0.001247
 10
21.669283
 20
4.675499
 42
0.000733
 10
21.7845
 20
4.65228
 42
0.000733
 10
21.899721
 20
4.629412
 42
0.001253
 10
21.996
 20
4.6107
 42
-0.00067
 10
22.090058
 20
4.592534
 42
-0.000442
 10
22.198138
 20
4.571409
 42
-0.000445
 10
22.303196
 20
4.550682
 42
-0.000862
 10
22.387129
 20
4.533894
 42
0.004599
 10
22.477083
 20
4.516601
 42
0.001701
 10
22.604121
 20
4.493834
 42
0.001685
 10
22.742945
 20
4.469924
 42
0.00203
 10
22.873579
 20
4.448422
 42
-0.000009
 10
23.011581
 20
4.42628
 42
-0.000006
 10
23.173316
 20
4.400326
 42
-0.000006
 10
23.332762
 20
4.374735
 42
-0.00001
 10
23.463105
 20
4.35381
 42
0.00443
 10
23.595062
 20
4.333822
 42
0.002309
 10
23.759893
 20
4.311121
 42
0.002296
 10
23.92928
 20
4.28938
 42
0.003505
 10
24.076455
 20
4.272224
 42
0.004625
 10
24.250683
 20
4.254779
 42
0.001322
 10
24.521209
 20
4.23094
 42
0.001331
 10
24.826639
 20
4.205657
 42
0.001412
 10
25.1262
 20
4.182514
 42
0.001664
 10
25.431083
 20
4.160846
 42
0.001422
 10
25.752543
 20
4.139993
 42
0.001432
 10
26.044933
 20
4.122701
 42
0.00408
 10
26.24863
 20
4.112906
 10
26.65196
 20
4.096809
 10
26.67163
 20
2.746355
 42
0.003969
 10
26.688211
 20
2.009638
 42
0.01922
 10
26.717005
 20
1.592242
 42
0.03427
 10
26.766215
 20
1.315258
 42
0.061342
 10
26.849008
 20
1.0998
 42
0.019909
 10
26.925525
 20
0.968971
 42
0.01203
 10
27.025893
 20
0.820062
 42
0.012043
 10
27.132875
 20
0.676742
 42
0.020638
 10
27.229708
 20
0.563302
 42
0.028322
 10
27.336516
 20
0.460495
 42
0.016894
 10
27.474175
 20
0.350105
 42
0.016885
 10
27.619216
 20
0.24909
 42
0.027911
 10
27.7488
 20
0.175106
 42
0.040019
 10
27.893054
 20
0.116992
 42
0.019411
 10
28.085111
 20
0.065045
 42
0.019113
 10
28.290443
 20
0.026168
 42
0.026074
 10
28.477889
 20
0.007974
 42
0.027729
 10
28.696773
 20
0.010343
 42
0.032945
 10
28.901597
 20
0.037565
 42
0.032891
 10
29.101351
 20
0.091508
 42
0.02748
 10
29.305052
 20
0.173924
 42
0.033094
 10
29.476685
 20
0.268933
 42
0.019986
 10
29.667054
 20
0.402468
 42
0.01998
 10
29.846322
 20
0.550914
 42
0.03283
 10
29.983879
 20
0.691761
 42
0.029797
 10
30.099216
 20
0.843994
 42
0.021262
 10
30.210329
 20
1.026749
 42
0.021565
 10
30.301625
 20
1.210725
 42
0.042258
 10
30.355047
 20
1.365157
 42
0.051628
 10
30.390577
 20
1.607769
 42
0.002731
 10
30.419393
 20
2.390716
 42
0.004183
 10
30.441175
 20
3.339328
 42
0.002781
 10
30.451001
 20
4.42735
 42
-0.001613
 10
30.461595
 20
6.00984
 42
-0.010759
 10
30.486365
 20
6.797474
 42
-0.021691
 10
30.535751
 20
7.308555
 42
-0.033202
 10
30.626804
 20
7.744101
 42
-0.010378
 10
30.713661
 20
8.031779
 42
-0.004394
 10
30.841545
 20
8.414136
 42
-0.004345
 10
30.985285
 20
8.82017
 42
-0.005668
 10
31.124219
 20
9.188978
 42
-0.008354
 10
31.285603
 20
9.583477
 42
-0.004286
 10
31.50035
 20
10.072749
 42
-0.004258
 10
31.73013
 20
10.572871
 42
-0.006403
 10
31.939785
 20
11.004678
 42
-0.009175
 10
32.169175
 20
11.441917
 42
-0.005281
 10
32.460624
 20
11.960436
 42
-0.005275
 10
32.764445
 20
12.475214
 42
-0.00878
 10
33.032472
 20
12.9015
 42
-0.007381
 10
33.316268
 20
13.322062
 42
-0.004271
 10
33.669205
 20
13.819674
 42
-0.004267
 10
34.031862
 20
14.31292
 42
-0.007152
 10
34.346044
 20
14.7204
 42
-0.011354
 10
34.691634
 20
15.135867
 42
-0.005302
 10
35.157113
 20
15.658993
 42
-0.00525
 10
35.657205
 20
16.197686
 42
-0.007322
 10
36.116571
 20
16.668209
 42
-0.006566
 10
36.586215
 20
17.123265
 42
-0.004849
 10
37.117331
 20
17.614879
 42
-0.004901
 10
37.628364
 20
18.069727
 42
-0.010946
 10
38.0277
 20
18.403092
 42
-0.006994
 10
38.424525
 20
18.710894
 42
-0.003729
 10
38.923402
 20
19.080996
 42
-0.003711
 10
39.438652
 20
19.451485
 42
-0.005771
 10
39.8889
 20
19.762455
 42
-0.003503
 10
40.320995
 20
20.049198
 42
-0.003002
 10
40.779844
 20
20.34517
 42
-0.003024
 10
41.19997
 20
20.609051
 42
-0.008646
 10
41.4963
 20
20.785668
 42
-0.004434
 10
41.788227
 20
20.949468
 42
-0.001799
 10
42.188639
 20
21.16762
 42
-0.00178
 10
42.620983
 20
21.399171
 42
-0.002265
 10
43.021599
 20
21.609576
 10
43.954697
 20
22.094261
 10
44.395153
 20
21.797856
 42
0.017682
 10
44.599107
 20
21.670844
 42
0.010611
 10
44.84947
 20
21.53394
 42
0.010619
 10
45.104639
 20
21.408171
 42
0.018167
 10
45.323254
 20
21.315645
 42
0.019124
 10
45.553227
 20
21.23795
 42
0.009997
 10
45.844824
 20
21.158012
 42
0.009929
 10
46.147572
 20
21.087855
 42
0.014976
 10
46.414031
 20
21.039944
 42
0.016152
 10
46.734907
 20
21.002666
 42
0.024379
 10
47.016058
 20
20.992932
 42
0.024415
 10
47.296511
 20
21.010613
 42
0.016267
 10
47.615226
 20
21.05693
 42
0.022925
 10
47.887993
 20
21.118695
 42
0.012576
 10
48.215919
 20
21.217867
 42
0.012514
 10
48.544406
 20
21.335491
 42
0.019507
 10
48.820306
 20
21.454715
 42
0.022894
 10
49.128597
 20
21.620216
 42
0.023478
 10
49.417796
 20
21.811933
 42
0.022197
 10
49.701713
 20
22.04
 42
0.016581
 10
49.994336
 20
22.31496
 42
0.016581
 10
50.249189
 20
22.588421
 42
0.01862
 10
50.475252
 20
22.868089
 42
0.019995
 10
50.66269
 20
23.140557
 42
0.0306
 10
50.80046
 20
23.3919
 42
0.011095
 10
50.899742
 20
23.615393
 42
0.008121
 10
51.000339
 20
23.867542
 42
0.008212
 10
51.087859
 20
24.109597
 42
0.017947
 10
51.145126
 20
24.298307
 42
0.027953
 10
51.185729
 20
24.49572
 42
0.011404
 10
51.219673
 20
24.767725
 42
0.011242
 10
51.242956
 20
25.062361
 42
0.014095
 10
51.25068
 20
25.336299
 42
0.016327
 10
51.24153
 20
25.616436
 42
0.011531
 10
51.213738
 20
25.930136
 42
0.011654
 10
51.173214
 20
26.229088
 42
0.023947
 10
51.124919
 20
26.460292
 42
0.020171
 10
51.057624
 20
26.682437
 42
0.010731
 10
50.957484
 20
26.951791
 42
0.010664
 10
50.843198
 20
27.223062
 42
0.01629
 10
50.731529
 20
27.452687
 42
0.028006
 10
50.592532
 20
27.683933
 42
0.01377
 10
50.391675
 20
27.962475
 42
0.013617
 10
50.166589
 20
28.241095
 42
0.019281
 10
49.9504
 20
28.475354
 42
0.019796
 10
49.719382
 20
28.689428
 42
0.014887
 10
49.449537
 20
28.906745
 42
0.015111
 10
49.183106
 20
29.09615
 42
0.033204
 10
48.966421
 20
29.220617
 42
0.014049
 10
48.753266
 20
29.317581
 42
0.008992
 10
48.500717
 20
29.418698
 42
0.009035
 10
48.249524
 20
29.50891
 42
0.016649
 10
48.041721
 20
29.571697
 42
0.024255
 10
47.825311
 20
29.618191
 42
0.011882
 10
47.545977
 20
29.657374
 42
0.011758
 10
47.253127
 20
29.684417
 42
0.016722
 10
46.991924
 20
29.693596
 42
0.017969
 10
46.727422
 20
29.684534
 42
0.01183
 10
46.424232
 20
29.655999
 42
0.011908
 10
46.13018
 20
29.614167
 42
0.022423
 10
45.895695
 20
29.564196
 42
0.017803
 10
45.667157
 20
29.495896
 42
0.009736
 10
45.391952
 20
29.396845
 42
0.009692
 10
45.115971
 20
29.285224
 42
0.015217
 10
44.88387
 20
29.177609
 42
0.030027
 10
44.632063
 20
29.031884
 42
0.019511
 10
44.359059
 20
28.835467
 42
0.018246
 10
44.080085
 20
28.600883
 42
0.016616
 10
43.809819
 20
28.339394
 42
0.017079
 10
43.575848
 20
28.080315
 42
0.014521
 10
43.346615
 20
27.791759
 42
0.014892
 10
43.151534
 20
27.514123
 42
0.035226
 10
43.027691
 20
27.293912
 42
0.015713
 10
42.937524
 20
27.086712
 42
0.010812
 10
42.847913
 20
26.846755
 42
0.010911
 10
42.771645
 20
26.61187
 42
0.021757
 10
42.723561
 20
26.42248
 42
0.001608
 10
42.688412
 20
26.250772
 42
0.001436
 10
42.652993
 20
26.072216
 42
0.00144
 10
42.622085
 20
25.911563
 42
0.004473
 10
42.602526
 20
25.803
 42
0.006427
 10
42.588223
 20
25.712318
 42
0.005209
 10
42.575147
 20
25.614711
 42
0.005266
 10
42.564974
 20
25.524445
 42
0.01357
 10
42.560087
 20
25.459018
 42
-0.198391
 10
42.528993
 20
25.392818
 42
-0.037234
 10
42.421481
 20
25.308417
 42
-0.032417
 10
42.265522
 20
25.217809
 42
-0.018637
 10
42.06735
 20
25.128303
 42
0.008764
 10
41.824289
 20
25.02425
 42
0.003129
 10
41.481027
 20
24.86754
 42
0.003104
 10
41.106529
 20
24.690895
 42
0.003663
 10
40.754458
 20
24.518966
 42
0.006534
 10
40.372811
 20
24.322856
 42
0.00345
 10
39.904101
 20
24.070055
 42
0.003432
 10
39.42787
 20
23.804672
 42
0.005293
 10
39.020158
 20
23.568056
 42
0.006207
 10
38.606108
 20
23.314856
 42
0.003472
 10
38.108466
 20
22.997142
 42
0.003463
 10
37.609838
 20
22.668975
 42
0.005626
 10
37.19139
 20
22.382542
 42
0.006054
 10
36.775822
 20
22.083591
 42
0.003552
 10
36.285476
 20
21.716349
 42
0.003552
 10
35.80028
 20
21.342088
 42
0.006041
 10
35.400622
 20
21.021393
 42
0.008156
 10
35.004571
 20
20.684672
 42
0.004459
 10
34.529508
 20
20.259666
 42
0.004443
 10
34.054477
 20
19.819214
 42
0.007058
 10
33.656632
 20
19.432938
 42
0.0034
 10
33.280974
 20
19.052622
 42
0.002594
 10
32.874794
 20
18.631422
 42
0.002623
 10
32.498326
 20
18.232791
 42
0.006168
 10
32.22256
 20
17.930311
 42
0.006714
 10
31.965583
 20
17.633425
 42
0.003502
 10
31.652896
 20
17.2569
 42
0.003481
 10
31.337378
 20
16.865984
 42
0.005312
 10
31.069578
 20
16.521983
 42
-0.004217
 10
30.839909
 20
16.225627
 42
-0.00709
 10
30.641512
 20
15.981242
 42
-0.00203
 10
30.46827
 20
15.775622
 42
-0.438192
 10
30.445117
 20
15.774681
 42
-0.198419
 10
30.432225
 20
15.805721
 42
-0.000021
 10
30.427837
 20
18.137795
 42
-0.000614
 10
30.426261
 20
20.717303
 42
-0.00037
 10
30.43041
 20
23.775208
 42
-0.000325
 10
30.438807
 20
26.832858
 42
-0.000539
 10
30.450342
 20
29.411524
 42
-0.000017
 10
30.46337
 20
31.744625
 42
-0.197453
 10
30.474799
 20
31.771999
 42
-0.149586
 10
30.498253
 20
31.784462
 42
-0.004747
 10
30.605564
 20
31.804207
 42
-0.008821
 10
30.734005
 20
31.824254
 42
-0.005961
 10
30.881089
 20
31.842775
 42
-0.001244
 10
31.062048
 20
31.862918
 42
-0.000574
 10
31.297591
 20
31.888269
 42
-0.000568
 10
31.545294
 20
31.914357
 42
-0.000789
 10
31.7673
 20
31.93713
 42
0.009322
 10
32.025074
 20
31.968024
 42
0.003153
 10
32.399156
 20
32.022356
 42
0.003135
 10
32.811992
 20
32.087627
 42
0.003595
 10
33.2055
 20
32.155283
 42
0.004126
 10
33.629111
 20
32.234868
 42
0.002403
 10
34.1361
 20
32.336989
 42
0.002401
 10
34.643032
 20
32.444177
 42
0.004058
 10
35.0667
 20
32.539493
 42
0.005318
 10
35.492989
 20
32.643833
 42
0.002984
 10
36.008864
 20
32.779217
 42
0.002977
 10
36.528384
 20
32.9222
 42
0.004852
 10
36.967266
 20
33.050413
 42
0.007441
 10
37.414896
 20
33.193216
 42
0.00398
 10
37.963807
 20
33.382248
 42
0.003961
 10
38.521128
 20
33.584132
 42
0.006174
 10
38.997666
 20
33.767763
 42
0.005611
 10
39.478988
 20
33.966389
 42
0.003263
 10
40.052416
 20
34.215024
 42
0.003262
 10
40.623818
 20
34.47169
 42
0.005501
 10
41.099184
 20
34.69531
 42
0.007446
 10
41.578283
 20
34.936027
 42
0.003984
 10
42.163201
 20
35.246856
 42
0.003965
 10
42.755241
 20
35.573645
 42
0.006183
 10
43.259423
 20
35.865444
 42
0.006163
 10
43.758405
 20
36.170923
 42
0.003866
 10
44.334753
 20
36.539859
 42
0.00388
 10
44.896606
 20
36.911911
 42
0.007074
 10
45.34854
 20
37.22563
 42
0.005226
 10
45.772083
 20
37.535352
 42
0.003649
 10
46.243498
 20
37.893093
 42
0.003681
 10
46.690477
 20
38.242733
 42
0.007632
 10
47.033133
 20
38.523493
 42
0.008121
 10
47.372997
 20
38.820341
 42
0.003577
 10
47.813277
 20
39.223437
 42
0.003539
 10
48.274165
 20
39.657616
 42
0.004745
 10
48.685416
 20
40.0581
 42
0.002313
 10
49.065917
 20
40.439252
 42
0.002485
 10
49.433851
 20
40.814958
 42
0.00235
 10
49.74668
 20
41.140636
 42
0.011791
 10
49.916582
 20
41.327837
 42
0.003803
 10
50.052987
 20
41.487886
 42
0.001926
 10
50.222442
 20
41.691392
 42
0.001913
 10
50.395783
 20
41.902846
 42
0.002852
 10
50.545631
 20
42.089237
 42
-0.001587
 10
50.677476
 20
42.254085
 42
-0.002248
 10
50.795931
 20
42.399886
 42
-0.001275
 10
50.896787
 20
42.522252
 42
-0.032175
 10
50.926545
 20
42.5538
 42
0.038499
 10
50.956205
 20
42.58605
 42
0.001338
 10
51.061291
 20
42.720356
 42
0.00249
 10
51.184287
 20
42.880056
 42
0.001737
 10
51.321526
 20
43.0614
 42
0.005793
 10
51.485233
 20
43.284626
 42
0.002732
 10
51.691656
 20
43.576403
 42
0.002707
 10
51.904485
 20
43.884284
 42
0.003816
 10
52.090617
 20
44.1612
 42
0.003325
 10
52.28076
 20
44.452998
 42
0.001894
 10
52.506925
 20
44.808126
 42
0.001891
 10
52.731906
 20
45.167368
 42
0.00313
 10
52.91876
 20
45.4725
 42
0.010513
 10
53.112082
 20
45.80844
 42
0.004269
 10
53.361737
 20
46.273556
 42
0.004222
 10
53.621803
 20
46.77846
 42
0.005363
 10
53.852917
 20
47.2491
 42
0.004967
 10
54.081984
 20
47.741002
 42
0.003263
 10
54.336365
 20
48.311623
 42
0.003283
 10
54.576747
 20
48.870398
 42
0.006315
 10
54.760752
 20
49.3218
 42
0.004356
 10
54.921195
 20
49.74076
 42
0.003473
 10
55.087149
 20
50.195295
 42
0.003511
 10
55.23497
 20
50.618416
 42
0.008838
 10
55.335005
 20
50.9292
 42
0.002577
 10
55.408103
 20
51.175435
 42
0.003942
 10
55.468694
 20
51.389741
 42
0.001431
 10
55.518822
 20
51.574607
 42
0.102932
 10
55.520607
 20
51.606
 42
-0.105347
 10
55.522079
 20
51.62988
 42
-0.018344
 10
55.535853
 20
51.673151
 42
-0.019212
 10
55.55616
 20
51.723514
 42
-0.016176
 10
55.581385
 20
51.7752
 42
0.056863
 10
55.618165
 20
51.869247
 42
0.001975
 10
55.717517
 20
52.250017
 42
0.003664
 10
55.829968
 20
52.701778
 42
0.00255
 10
55.950588
 20
53.2134
 42
0.001201
 10
56.069936
 20
53.737188
 42
0.001479
 10
56.178669
 20
54.226485
 42
0.001221
 10
56.267821
 20
54.63815
 42
0.010793
 10
56.302805
 20
54.8208
 42
-0.004212
 10
56.327298
 20
54.958457
 42
-0.002208
 10
56.359968
 20
55.129326
 42
-0.002196
 10
56.395001
 20
55.304188
 42
-0.003369
 10
56.427029
 20
55.4553
 42
0.005624
 10
56.459007
 20
55.609598
 42
0.00331
 10
56.49393
 20
55.794695
 42
0.003311
 10
56.526382
 20
55.980139
 42
0.00565
 10
56.550706
 20
56.135487
 42
-0.00207
 10
56.572143
 20
56.279111
 42
-0.001851
 10
56.595563
 20
56.428021
 42
-0.001856
 10
56.617594
 20
56.561635
 42
-0.005782
 10
56.633806
 20
56.651393
 42
0.009286
 10
56.650335
 20
56.746723
 42
0.002205
 10
56.67422
 20
56.906166
 42
0.002267
 10
56.700032
 20
57.08965
 42
0.002236
 10
56.7243
 20
57.2742
 42
-0.002071
 10
56.748374
 20
57.45774
 42
-0.002171
 10
56.773601
 20
57.638192
 42
-0.00208
 10
56.796705
 20
57.79379
 42
-0.009672
 10
56.812145
 20
57.88325
 42
0.018263
 10
56.827246
 20
57.980704
 42
0.002424
 10
56.850628
 20
58.187926
 42
0.002806
 10
56.87579
 20
58.434002
 42
0.002353
 10
56.899784
 20
58.695256
 42
0.000047
 10
56.923379
 20
58.966458
 42
0.000044
 10
56.947341
 20
59.242459
 42
0.000044
 10
56.968493
 20
59.486597
 42
0.000157
 10
56.98198
 20
59.643
 42
0.006067
 10
56.995174
 20
59.821993
 42
0.000809
 10
57.017817
 20
60.200038
 42
0.000936
 10
57.043097
 20
60.648318
 42
0.000787
 10
57.068253
 20
61.1235
 42
0.003807
 10
57.091574
 20
61.656819
 42
0.002364
 10
57.111219
 20
62.283049
 42
0.002371
 10
57.124752
 20
62.901254
 42
0.004284
 10
57.129097
 20
63.4077
 42
0.003998
 10
57.124854
 20
63.939123
 42
0.001746
 10
57.111124
 20
64.644182
 42
0.001727
 10
57.091341
 20
65.39293
 42
0.002305
 10
57.067896
 20
66.0726
 42
0.000818
 10
57.042339
 20
66.699749
 42
0.000982
 10
57.016167
 20
67.289782
 42
0.00084
 10
56.992303
 20
67.786875
 42
0.006545
 10
56.977758
 20
68.0184
 42
0.001496
 10
56.96298
 20
68.205494
 42
0.000601
 10
56.941701
 20
68.461228
 42
0.000594
 10
56.918118
 20
68.736688
 42
0.000752
 10
56.895629
 20
68.9913
 42
0.00029
 10
56.872605
 20
69.245911
 42
0.000229
 10
56.847408
 20
69.521372
 42
0.000231
 10
56.823778
 20
69.777099
 42
0.000575
 10
56.806186
 20
69.9642
 42
0.002237
 10
56.788619
 20
70.140385
 42
0.001206
 10
56.765479
 20
70.357326
 42
0.001201
 10
56.740836
 20
70.578273
 42
0.001889
 10
56.718498
 20
70.7679
 42
0.000078
 10
56.696886
 20
70.945359
 42
0.000071
 10
56.674493
 20
71.128772
 42
0.000071
 10
56.654399
 20
71.292972
 42
0.000227
 10
56.640941
 20
71.4024
 42
0.001477
 10
56.627106
 20
71.51182
 42
0.00046
 10
56.605697
 20
71.676028
 42
0.00046
 10
56.581441
 20
71.859441
 42
0.000507
 10
56.557624
 20
72.0369
 42
0.000149
 10
56.533569
 20
72.214359
 42
0.000135
 10
56.508601
 20
72.397772
 42
0.000135
 10
56.486159
 20
72.561971
 42
0.000432
 10
56.471076
 20
72.6714
 42
0.000931
 10
56.456027
 20
72.778427
 42
0.000324
 10
56.433954
 20
72.932603
 42
0.000322
 10
56.409429
 20
73.102339
 42
0.000375
 10
56.3859
 20
73.2636
 42
0.00018
 10
56.361736
 20
73.427935
 42
0.000139
 10
56.335285
 20
73.607023
 42
0.000141
 10
56.310492
 20
73.774238
 42
0.000338
 10
56.292006
 20
73.8981
 42
0.002836
 10
56.271557
 20
74.029394
 42
0.000881
 10
56.239364
 20
74.226454
 42
0.000881
 10
56.20261
 20
74.446549
 42
0.000971
 10
56.166238
 20
74.6595
 42
0.003203
 10
56.116401
 20
74.937291
 42
0.000745
 10
56.029015
 20
75.403187
 42
0.000769
 10
55.926808
 20
75.939141
 42
0.000753
 10
55.822267
 20
76.4784
 42
0.000146
 10
55.722127
 20
76.990039
 42
0.000211
 10
55.633375
 20
77.441782
 42
0.000106
 10
55.557757
 20
77.825386
 42
0.003567
 10
55.53908
 20
77.9166
 42
0.006309
 10
55.518008
 20
78.010077
 42
0.000122
 10
55.403117
 20
78.490822
 42
0.000294
 10
55.26855
 20
79.051831
 42
0.000197
 10
55.114041
 20
79.6932
 42
0.001695
 10
54.957607
 20
80.331935
 42
0.002592
 10
54.817214
 20
80.884615
 42
0.000898
 10
54.692748
 20
81.360649
 42
0.069944
  0
LWPOLYLINE
  5
6EC
330
1D
100
AcDbEntity
  8
0
100
AcDbPolyline
 90
       56
 70
     1
 43
0.0
 10
46.926723
 20
26.9874
 42
-0.021819
 10
47.121144
 20
26.978912
 42
-0.017436
 10
47.32934
 20
26.953357
 42
-0.017772
 10
47.520626
 20
26.916064
 42
-0.041949
 10
47.658802
 20
26.871508
 42
-0.050976
 10
47.786867
 20
26.801938
 42
-0.020876
 10
47.945625
 20
26.683426
 42
-0.020396
 10
48.106865
 20
26.540925
 42
-0.024575
 10
48.245727
 20
26.393969
 42
-0.028659
 10
48.373908
 20
26.22558
 42
-0.025171
 10
48.488108
 20
26.036359
 42
-0.026146
 10
48.576676
 20
25.848424
 42
-0.046626
 10
48.626319
 20
25.685011
 42
-0.031552
 10
48.648309
 20
25.527447
 42
-0.019449
 10
48.655177
 20
25.340318
 42
-0.019478
 10
48.647507
 20
25.154047
 42
-0.032781
 10
48.624808
 20
24.9993
 42
-0.038526
 10
48.580035
 20
24.848275
 42
-0.021899
 10
48.504204
 20
24.673326
 42
-0.021765
 10
48.411864
 20
24.502809
 42
-0.033357
 10
48.316117
 20
24.3648
 42
-0.032426
 10
48.199689
 20
24.236789
 42
-0.018258
 10
48.043314
 20
24.096451
 42
-0.018162
 10
47.874454
 20
23.965783
 42
-0.028212
 10
47.71903
 20
23.86707
 42
-0.030545
 10
47.538042
 20
23.780008
 42
-0.031682
 10
47.349962
 20
23.716854
 42
-0.032119
 10
47.157942
 20
23.67865
 42
-0.03344
 10
46.965192
 20
23.666041
 42
-0.026553
 10
46.792793
 20
23.675468
 42
-0.01834
 10
46.599343
 20
23.703596
 42
-0.01854
 10
46.414848
 20
23.744494
 42
-0.035655
 10
46.271469
 20
23.793044
 42
-0.025485
 10
46.140557
 20
23.856078
 42
-0.016475
 10
45.99562
 20
23.941514
 42
-0.016568
 10
45.859139
 20
24.03463
 42
-0.029857
 10
45.754853
 20
24.120973
 42
-0.029221
 10
45.661383
 20
24.219094
 42
-0.016154
 10
45.558507
 20
24.348841
 42
-0.016063
 10
45.462419
 20
24.48751
 42
-0.024815
 10
45.389459
 20
24.613699
 42
-0.044226
 10
45.329355
 20
24.761508
 42
-0.024773
 10
45.281643
 20
24.949716
 42
-0.023724
 10
45.250317
 20
25.155172
 42
-0.025972
 10
45.23985
 20
25.356538
 42
-0.025847
 10
45.252341
 20
25.598017
 42
-0.044306
 10
45.29078
 20
25.795835
 42
-0.04384
 10
45.363816
 20
25.985207
 42
-0.024711
 10
45.483075
 20
26.200871
 42
-0.031387
 10
45.61097
 20
26.381046
 42
-0.031835
 10
45.759852
 20
26.542891
 42
-0.032569
 10
45.924426
 20
26.681042
 42
-0.036846
 10
46.099156
 20
26.790482
 42
-0.03023
 10
46.29353
 20
26.87856
 42
-0.032865
 10
46.49182
 20
26.939748
 42
-0.032081
 10
46.700679
 20
26.975485
 42
-0.026337
  0
LWPOLYLINE
  5
726
330
1D
100
AcDbEntity
  8
0
100
AcDbPolyline
 90
       56
 70
     1
 43
0.0
 10
36.538249
 20
52.728924
 42
0.038981
 10
36.397658
 20
52.73612
 42
0.021553
 10
36.226032
 20
52.724107
 42
0.021377
 10
36.052134
 20
52.696805
 42
0.032035
 10
35.903749
 20
52.65693
 42
0.046445
 10
35.757979
 20
52.591938
 42
0.025016
 10
35.5914
 20
52.486982
 42
0.024698
 10
35.430977
 20
52.362052
 42
0.035363
 10
35.303064
 20
52.235075
 42
0.032879
 10
35.185015
 20
52.080635
 42
0.033393
 10
35.088903
 20
51.912827
 42
0.034499
 10
35.018808
 20
51.739554
 42
0.041671
 10
34.978446
 20
51.56882
 42
0.031708
 10
34.963175
 20
51.390557
 42
0.036074
 10
34.971748
 20
51.219419
 42
0.03618
 10
35.004781
 20
51.051728
 42
0.032249
 10
35.062558
 20
50.883765
 42
0.017382
 10
35.125803
 20
50.746059
 42
0.014523
 10
35.202147
 20
50.604414
 42
0.014771
 10
35.279617
 20
50.478884
 42
0.038292
 10
35.344677
 20
50.394885
 42
0.030302
 10
35.415328
 20
50.325737
 42
0.016784
 10
35.509156
 20
50.249784
 42
0.016687
 10
35.609716
 20
50.178966
 42
0.025742
 10
35.701517
 20
50.125336
 42
0.031739
 10
35.805737
 20
50.079568
 42
0.014568
 10
35.946594
 20
50.032702
 42
0.014361
 10
36.098204
 20
49.991827
 42
0.019257
 10
36.237816
 20
49.96409
 42
0.038165
 10
36.405644
 20
49.950413
 42
0.04033
 10
36.570473
 20
49.962897
 42
0.037867
 10
36.739955
 20
50.002921
 42
0.027223
 10
36.921895
 20
50.071828
 42
0.033843
 10
37.072861
 20
50.151217
 42
0.024868
 10
37.228805
 20
50.258251
 42
0.025317
 10
37.366774
 20
50.374901
 42
0.049925
 10
37.461167
 20
50.482841
 42
0.033495
 10
37.535165
 20
50.603046
 42
0.018869
 10
37.609262
 20
50.757575
 42
0.018766
 10
37.67256
 20
50.919877
 42
0.029062
 10
37.713571
 20
51.064556
 42
0.031755
 10
37.736939
 20
51.214479
 42
0.023599
 10
37.744302
 20
51.381928
 42
0.023946
 10
37.735965
 20
51.544857
 42
0.039491
 10
37.711572
 20
51.68048
 42
0.02118
 10
37.673307
 20
51.804513
 42
0.014804
 10
37.620216
 20
51.940904
 42
0.014966
 10
37.561436
 20
52.068821
 42
0.02985
 10
37.506069
 20
52.165441
 42
0.042348
 10
37.437209
 20
52.253313
 42
0.0206
 10
37.335796
 20
52.353692
 42
0.020267
 10
37.220965
 20
52.450128
 42
0.027524
 10
37.109496
 20
52.526877
 42
0.032261
 10
36.985439
 20
52.592008
 42
0.01975
 10
36.831887
 20
52.653242
 42
0.019767
 10
36.674379
 20
52.70204
 42
0.032973
  0
LWPOLYLINE
  5
760
330
1D
100
AcDbEntity
  8
0
100
AcDbPolyline
 90
       48
 70
     1
 43
0.0
 10
18.184784
 20
52.704408
 42
0.033321
 10
17.987543
 20
52.691965
 42
0.041803
 10
17.808536
 20
52.653217
 42
0.040656
 10
17.634572
 20
52.584135
 42
0.029005
 10
17.452329
 20
52.480451
 42
0.032656
 10
17.306868
 20
52.372025
 42
0.022735
 10
17.157138
 20
52.232175
 42
0.023014
 10
17.025226
 20
52.084184
 42
0.043264
 10
16.935458
 20
51.951701
 42
0.037528
 10
16.863418
 20
51.796279
 42
0.034879
 10
16.813339
 20
51.628015
 42
0.033953
 10
16.786119
 20
51.449928
 42
0.031487
 10
16.78227
 20
51.265209
 42
0.03548
 10
16.802567
 20
51.086423
 42
0.028342
 10
16.848803
 20
50.898014
 42
0.028363
 10
16.915996
 20
50.716214
 42
0.035724
 10
16.99918
 20
50.557269
 42
0.039819
 10
17.105605
 20
50.412272
 42
0.033946
 10
17.239133
 20
50.277465
 42
0.033972
 10
17.389551
 20
50.162073
 42
0.040063
 10
17.546424
 20
50.075068
 42
0.025207
 10
17.699451
 20
50.014674
 42
0.018998
 10
17.872879
 20
49.963392
 42
0.019329
 10
18.039974
 20
49.927628
 42
0.041405
 10
18.17122
 20
49.915858
 42
0.04621
 10
18.301396
 20
49.927039
 42
0.022296
 10
18.464759
 20
49.964019
 42
0.021892
 10
18.632899
 20
50.01806
 42
0.029255
 10
18.779669
 20
50.082419
 42
0.03371
 10
18.921831
 20
50.167469
 42
0.021129
 10
19.076324
 20
50.284619
 42
0.021184
 10
19.219322
 20
50.41347
 42
0.035873
 10
19.325972
 20
50.534257
 42
0.04161
 10
19.413159
 20
50.670752
 42
0.025679
 10
19.493296
 20
50.843696
 42
0.025548
 10
19.555988
 20
51.025845
 42
0.038143
 10
19.590115
 20
51.190688
 42
0.030881
 10
19.603526
 20
51.39312
 42
0.049582
 10
19.587183
 20
51.565233
 42
0.046607
 10
19.536184
 20
51.738087
 42
0.02384
 10
19.442292
 20
51.944052
 42
0.033354
 10
19.3362
 20
52.120211
 42
0.036147
 10
19.210171
 20
52.275736
 42
0.037148
 10
19.066571
 20
52.407716
 42
0.039758
 10
18.9081
 20
52.51371
 42
0.033925
 10
18.741537
 20
52.592577
 42
0.029163
 10
18.557279
 20
52.652839
 42
0.029207
 10
18.367591
 20
52.691168
 42
0.034355
  0
ENDSEC
  0
SECTION
  2
OBJECTS
  0
DICTIONARY
  5
C
330
0
100
AcDbDictionary
281
     1
  3
ACAD_DETAILVIEWSTYLE
350
81E
  3
ACAD_GROUP
350
D
  3
ACAD_LAYOUT
350
1A
  3
ACAD_MATERIAL
350
7D1
  3
ACAD_MLEADERSTYLE
350
7D7
  3
ACAD_MLINESTYLE
350
17
  3
ACAD_PLOTSETTINGS
350
19
  3
ACAD_PLOTSTYLENAME
350
E
  3
ACAD_SCALELIST
350
792
  3
ACAD_SECTIONVIEWSTYLE
350
81F
  3
ACAD_TABLESTYLE
350
7D5
  3
ACAD_VISUALSTYLE
350
7B8
  3
ACDB_RECOMPOSE_DATA
350
81A
  3
AcDbVariableDictionary
350
7DB
  0
DICTIONARY
  5
7D9
330
8
100
AcDbDictionary
280
     1
281
     1
  3
ACAD_XREC_ROUNDTRIP
360
7DA
  0
DICTIONARY
  5
81E
102
{ACAD_REACTORS
330
C
102
}
330
C
100
AcDbDictionary
281
     1
  0
DICTIONARY
  5
D
102
{ACAD_REACTORS
330
C
102
}
330
C
100
AcDbDictionary
281
     1
  0
DICTIONARY
  5
1A
102
{ACAD_REACTORS
330
C
102
}
330
C
100
AcDbDictionary
281
     1
  3
Layout1
350
1C
  3
Model
350
1E
  0
DICTIONARY
  5
7D1
102
{ACAD_REACTORS
330
C
102
}
330
C
100
AcDbDictionary
281
     1
  3
ByBlock
350
7D3
  3
ByLayer
350
7D2
  3
Global
350
7D4
  0
DICTIONARY
  5
7D7
102
{ACAD_REACTORS
330
C
102
}
330
C
100
AcDbDictionary
281
     1
  3
Standard
350
7D8
  0
DICTIONARY
  5
17
102
{ACAD_REACTORS
330
C
102
}
330
C
100
AcDbDictionary
281
     1
  3
Standard
350
18
  0
DICTIONARY
  5
19
102
{ACAD_REACTORS
330
C
102
}
330
C
100
AcDbDictionary
281
     1
  0
ACDBDICTIONARYWDFLT
  5
E
102
{ACAD_REACTORS
330
C
102
}
330
C
100
AcDbDictionary
281
     1
  3
Normal
350
F
100
AcDbDictionaryWithDefault
340
F
  0
DICTIONARY
  5
792
102
{ACAD_REACTORS
330
C
102
}
330
C
100
AcDbDictionary
281
     1
  3
A0
350
793
  3
A1
350
794
  3
A2
350
795
  3
A3
350
796
  3
A4
350
797
  3
A5
350
798
  3
A6
350
799
  3
A7
350
79A
  3
A8
350
79B
  3
A9
350
79C
  3
B0
350
79D
  3
B1
350
79E
  3
B2
350
79F
  3
B3
350
7A0
  3
B4
350
7A1
  3
B5
350
7A2
  3
B6
350
7A3
  3
B7
350
7A4
  3
B8
350
7A5
  3
B9
350
7A6
  3
C0
350
7A7
  3
C1
350
7A8
  3
C2
350
7A9
  3
C3
350
7AA
  3
C4
350
7AB
  3
C5
350
7AC
  3
C6
350
7AD
  3
C7
350
7AE
  3
C8
350
7AF
  3
C9
350
7B0
  3
D0
350
7B1
  3
D1
350
7B2
  3
D2
350
7B3
  0
DICTIONARY
  5
81F
102
{ACAD_REACTORS
330
C
102
}
330
C
100
AcDbDictionary
281
     1
  0
DICTIONARY
  5
7D5
102
{ACAD_REACTORS
330
C
102
}
330
C
100
AcDbDictionary
281
     1
  3
Standard
350
7D6
  0
DICTIONARY
  5
7B8
102
{ACAD_REACTORS
330
C
102
}
330
C
100
AcDbDictionary
281
     1
  3
2dWireframe
350
7BD
  3
Basic
350
7C0
  3
Brighten
350
7C4
  3
ColorChange
350
7C8
  3
Conceptual
350
7C2
  3
Dim
350
7C3
  3
EdgeColorOff
350
7CB
  3
Facepattern
350
7C7
  3
Flat
350
7B9
  3
FlatWithEdges
350
7BA
  3
Gouraud
350
7BB
  3
GouraudWithEdges
350
7BC
  3
Hidden
350
7BF
  3
JitterOff
350
7C9
  3
Linepattern
350
7C6
  3
OverhangOff
350
7CA
  3
Realistic
350
7C1
  3
Shaded
350
7D0
  3
Shaded with edges
350
7CF
  3
Shades of Gray
350
7CC
  3
Sketchy
350
7CD
  3
Thicken
350
7C5
  3
Wireframe
350
7BE
  3
X-Ray
350
7CE
  0
XRECORD
  5
81A
102
{ACAD_REACTORS
330
C
102
}
330
C
100
AcDbXrecord
280
     1
 90
        1
330
7D6
  0
DICTIONARY
  5
7DB
102
{ACAD_REACTORS
330
C
102
}
330
C
100
AcDbDictionary
281
     1
  3
CANNOSCALE
350
7DC
  3
CMLEADERSTYLE
350
81C
  3
CTABLESTYLE
350
81B
  3
MSLTSCALE
350
81D
  3
XCLIPFRAME
350
7DD
  0
XRECORD
  5
7DA
102
{ACAD_REACTORS
330
7D9
102
}
330
7D9
100
AcDbXrecord
280
     1
102
VTR_0.000_0.000_1.000_1.000_VISUALSTYLE
340
7BD
102
VTR_0.000_0.000_1.000_1.000_GRIDDISPLAY
 70
     3
102
VTR_0.000_0.000_1.000_1.000_GRIDMAJOR
 70
     5
102
VTR_0.000_0.000_1.000_1.000_DEFAULTLIGHTING
280
     1
102
VTR_0.000_0.000_1.000_1.000_DEFAULTLIGHTINGTYPE
 70
     1
102
VTR_0.000_0.000_1.000_1.000_BRIGHTNESS
141
0.0
102
VTR_0.000_0.000_1.000_1.000_CONTRAST
142
0.0
  0
LAYOUT
  5
1C
102
{ACAD_REACTORS
330
1A
102
}
330
1A
100
AcDbPlotSettings
  1

  2
none_device
  4

  6

 40
0.0
 41
0.0
 42
0.0
 43
0.0
 44
0.0
 45
0.0
 46
0.0
 47
0.0
 48
0.0
 49
0.0
140
0.0
141
0.0
142
1.0
143
1.0
 70
   688
 72
     0
 73
     0
 74
     5
  7

 75
    16
 76
     0
 77
     2
 78
   300
147
1.0
148
0.0
149
0.0
100
AcDbLayout
  1
Layout1
 70
     1
 71
     1
 10
0.0
 20
0.0
 11
12.0
 21
9.0
 12
0.0
 22
0.0
 32
0.0
 14
1.000000000000000E+20
 24
1.000000000000000E+20
 34
1.000000000000000E+20
 15
-1.000000000000000E+20
 25
-1.000000000000000E+20
 35
-1.000000000000000E+20
146
0.0
 13
0.0
 23
0.0
 33
0.0
 16
1.0
 26
0.0
 36
0.0
 17
0.0
 27
1.0
 37
0.0
 76
     0
330
1B
  0
LAYOUT
  5
1E
102
{ACAD_REACTORS
330
1A
102
}
330
1A
100
AcDbPlotSettings
  1

  2
none_device
  4
Letter_(8.50_x_11.00_Inches)
  6

 40
6.35
 41
6.35
 42
6.35000508
 43
6.35000508
 44
215.9
 45
279.4
 46
0.0
 47
0.0
 48
0.0
 49
0.0
140
0.0
141
0.0
142
1.0
143
1.0
 70
  1712
 72
     0
 73
     0
 74
     0
  7

 75
     0
 76
     0
 77
     2
 78
   300
147
1.0
148
0.0
149
0.0
100
AcDbLayout
  1
Model
 70
     1
 71
     0
 10
0.0
 20
0.0
 11
12.0
 21
9.0
 12
0.0
 22
0.0
 32
0.0
 14
0.0
 24
0.0
 34
0.0
 15
57.1896
 25
87.984
 35
0.0
146
0.0
 13
0.0
 23
0.0
 33
0.0
 16
1.0
 26
0.0
 36
0.0
 17
0.0
 27
1.0
 37
0.0
 76
     0
330
1D
331
21
  0
MATERIAL
  5
7D3
102
{ACAD_REACTORS
330
7D1
102
}
102
{ACAD_XDICTIONARY
360
810
102
}
330
7D1
100
AcDbMaterial
  1
ByBlock
  0
MATERIAL
  5
7D2
102
{ACAD_REACTORS
330
7D1
102
}
102
{ACAD_XDICTIONARY
360
80E
102
}
330
7D1
100
AcDbMaterial
  1
ByLayer
  0
MATERIAL
  5
7D4
102
{ACAD_REACTORS
330
7D1
102
}
102
{ACAD_XDICTIONARY
360
812
102
}
330
7D1
100
AcDbMaterial
  1
Global
  0
MLEADERSTYLE
  5
7D8
102
{ACAD_REACTORS
330
7D7
102
}
102
{ACAD_XDICTIONARY
360
818
102
}
330
7D7
100
AcDbMLeaderStyle
170
     2
171
     1
172
     0
 90
        2
 40
0.0
 41
0.0
173
     1
 91
-1056964608
340
14
 92
       -2
290
     1
 42
0.09
291
     1
 43
0.36
  3
Standard
341
0
 44
0.18
300

342
11
174
     1
178
     6
175
     1
176
     0
 93
-1056964608
 45
0.18
292
     0
297
     0
 46
0.18
343
0
 94
-1056964608
 47
1.0
 49
1.0
140
1.0
293
     1
141
0.0
294
     1
177
     0
142
1.0
295
     0
296
     0
143
0.125
1001
ACAD_MLEADERVER
1070
     2
  0
MLINESTYLE
  5
18
102
{ACAD_REACTORS
330
17
102
}
330
17
100
AcDbMlineStyle
  2
Standard
 70
     0
  3

 62
   256
 51
90.0
 52
90.0
 71
     2
 49
0.5
 62
   256
  6
BYLAYER
 49
-0.5
 62
   256
  6
BYLAYER
  0
ACDBPLACEHOLDER
  5
F
102
{ACAD_REACTORS
330
E
102
}
330
E
  0
SCALE
  5
793
102
{ACAD_REACTORS
330
792
102
}
330
792
100
AcDbScale
 70
     0
300
1:1
140
1.0
141
1.0
290
     1
  0
SCALE
  5
794
102
{ACAD_REACTORS
330
792
102
}
330
792
100
AcDbScale
 70
     0
300
1:2
140
1.0
141
2.0
290
     0
  0
SCALE
  5
795
102
{ACAD_REACTORS
330
792
102
}
330
792
100
AcDbScale
 70
     0
300
1:4
140
1.0
141
4.0
290
     0
  0
SCALE
  5
796
102
{ACAD_REACTORS
330
792
102
}
330
792
100
AcDbScale
 70
     0
300
1:5
140
1.0
141
5.0
290
     0
  0
SCALE
  5
797
102
{ACAD_REACTORS
330
792
102
}
330
792
100
AcDbScale
 70
     0
300
1:8
140
1.0
141
8.0
290
     0
  0
SCALE
  5
798
102
{ACAD_REACTORS
330
792
102
}
330
792
100
AcDbScale
 70
     0
300
1:10
140
1.0
141
10.0
290
     0
  0
SCALE
  5
799
102
{ACAD_REACTORS
330
792
102
}
330
792
100
AcDbScale
 70
     0
300
1:16
140
1.0
141
16.0
290
     0
  0
SCALE
  5
79A
102
{ACAD_REACTORS
330
792
102
}
330
792
100
AcDbScale
 70
     0
300
1:20
140
1.0
141
20.0
290
     0
  0
SCALE
  5
79B
102
{ACAD_REACTORS
330
792
102
}
330
792
100
AcDbScale
 70
     0
300
1:30
140
1.0
141
30.0
290
     0
  0
SCALE
  5
79C
102
{ACAD_REACTORS
330
792
102
}
330
792
100
AcDbScale
 70
     0
300
1:40
140
1.0
141
40.0
290
     0
  0
SCALE
  5
79D
102
{ACAD_REACTORS
330
792
102
}
330
792
100
AcDbScale
 70
     0
300
1:50
140
1.0
141
50.0
290
     0
  0
SCALE
  5
79E
102
{ACAD_REACTORS
330
792
102
}
330
792
100
AcDbScale
 70
     0
300
1:100
140
1.0
141
100.0
290
     0
  0
SCALE
  5
79F
102
{ACAD_REACTORS
330
792
102
}
330
792
100
AcDbScale
 70
     0
300
2:1
140
2.0
141
1.0
290
     0
  0
SCALE
  5
7A0
102
{ACAD_REACTORS
330
792
102
}
330
792
100
AcDbScale
 70
     0
300
4:1
140
4.0
141
1.0
290
     0
  0
SCALE
  5
7A1
102
{ACAD_REACTORS
330
792
102
}
330
792
100
AcDbScale
 70
     0
300
8:1
140
8.0
141
1.0
290
     0
  0
SCALE
  5
7A2
102
{ACAD_REACTORS
330
792
102
}
330
792
100
AcDbScale
 70
     0
300
10:1
140
10.0
141
1.0
290
     0
  0
SCALE
  5
7A3
102
{ACAD_REACTORS
330
792
102
}
330
792
100
AcDbScale
 70
     0
300
100:1
140
100.0
141
1.0
290
     0
  0
SCALE
  5
7A4
102
{ACAD_REACTORS
330
792
102
}
330
792
100
AcDbScale
 70
     0
300
1/128" = 1'-0"
140
0.0078125
141
12.0
290
     0
  0
SCALE
  5
7A5
102
{ACAD_REACTORS
330
792
102
}
330
792
100
AcDbScale
 70
     0
300
1/64" = 1'-0"
140
0.015625
141
12.0
290
     0
  0
SCALE
  5
7A6
102
{ACAD_REACTORS
330
792
102
}
330
792
100
AcDbScale
 70
     0
300
1/32" = 1'-0"
140
0.03125
141
12.0
290
     0
  0
SCALE
  5
7A7
102
{ACAD_REACTORS
330
792
102
}
330
792
100
AcDbScale
 70
     0
300
1/16" = 1'-0"
140
0.0625
141
12.0
290
     0
  0
SCALE
  5
7A8
102
{ACAD_REACTORS
330
792
102
}
330
792
100
AcDbScale
 70
     0
300
3/32" = 1'-0"
140
0.09375
141
12.0
290
     0
  0
SCALE
  5
7A9
102
{ACAD_REACTORS
330
792
102
}
330
792
100
AcDbScale
 70
     0
300
1/8" = 1'-0"
140
0.125
141
12.0
290
     0
  0
SCALE
  5
7AA
102
{ACAD_REACTORS
330
792
102
}
330
792
100
AcDbScale
 70
     0
300
3/16" = 1'-0"
140
0.1875
141
12.0
290
     0
  0
SCALE
  5
7AB
102
{ACAD_REACTORS
330
792
102
}
330
792
100
AcDbScale
 70
     0
300
1/4" = 1'-0"
140
0.25
141
12.0
290
     0
  0
SCALE
  5
7AC
102
{ACAD_REACTORS
330
792
102
}
330
792
100
AcDbScale
 70
     0
300
3/8" = 1'-0"
140
0.375
141
12.0
290
     0
  0
SCALE
  5
7AD
102
{ACAD_REACTORS
330
792
102
}
330
792
100
AcDbScale
 70
     0
300
1/2" = 1'-0"
140
0.5
141
12.0
290
     0
  0
SCALE
  5
7AE
102
{ACAD_REACTORS
330
792
102
}
330
792
100
AcDbScale
 70
     0
300
3/4" = 1'-0"
140
0.75
141
12.0
290
     0
  0
SCALE
  5
7AF
102
{ACAD_REACTORS
330
792
102
}
330
792
100
AcDbScale
 70
     0
300
1" = 1'-0"
140
1.0
141
12.0
290
     0
  0
SCALE
  5
7B0
102
{ACAD_REACTORS
330
792
102
}
330
792
100
AcDbScale
 70
     0
300
1-1/2" = 1'-0"
140
1.5
141
12.0
290
     0
  0
SCALE
  5
7B1
102
{ACAD_REACTORS
330
792
102
}
330
792
100
AcDbScale
 70
     0
300
3" = 1'-0"
140
3.0
141
12.0
290
     0
  0
SCALE
  5
7B2
102
{ACAD_REACTORS
330
792
102
}
330
792
100
AcDbScale
 70
     0
300
6" = 1'-0"
140
6.0
141
12.0
290
     0
  0
SCALE
  5
7B3
102
{ACAD_REACTORS
330
792
102
}
330
792
100
AcDbScale
 70
     0
300
1'-0" = 1'-0"
140
12.0
141
12.0
290
     0
  0
TABLESTYLE
  5
7D6
102
{ACAD_REACTORS
330
7D5
102
}
102
{ACAD_XDICTIONARY
360
814
102
}
330
7D5
100
AcDbTableStyle
  3
Standard
 70
     0
 71
     0
 40
0.06
 41
0.06
280
     0
281
     0
  7
Standard
140
0.18
170
     2
 62
     0
 63
   257
283
     0
274
    -2
284
     1
 64
     0
275
    -2
285
     1
 65
     0
276
    -2
286
     1
 66
     0
277
    -2
287
     1
 67
     0
278
    -2
288
     1
 68
     0
279
    -2
289
     1
 69
     0
  7
Standard
140
0.25
170
     5
 62
     0
 63
   257
283
     0
274
    -2
284
     1
 64
     0
275
    -2
285
     1
 65
     0
276
    -2
286
     1
 66
     0
277
    -2
287
     1
 67
     0
278
    -2
288
     1
 68
     0
279
    -2
289
     1
 69
     0
  7
Standard
140
0.18
170
     5
 62
     0
 63
   257
283
     0
274
    -2
284
     1
 64
     0
275
    -2
285
     1
 65
     0
276
    -2
286
     1
 66
     0
277
    -2
287
     1
 67
     0
278
    -2
288
     1
 68
     0
279
    -2
289
     1
 69
     0
  0
VISUALSTYLE
  5
7BD
102
{ACAD_REACTORS
330
7B8
102
}
102
{ACAD_XDICTIONARY
360
7E6
102
}
330
7B8
100
AcDbVisualStyle
  2
2dWireframe
 70
     4
 71
     0
 72
     2
 73
     0
 90
        0
 40
0.6
 41
30.0
 62
     5
 63
     7
421
 16777215
 74
     1
 91
        4
 64
     7
 65
   257
 75
     1
175
     1
 42
1.0
 92
        0
 66
   257
 43
1.0
 76
     1
 77
     6
 78
     2
 67
     7
 79
     5
170
     0
171
     0
290
     0
174
     0
 93
        1
 44
0.0
173
     0
291
     0
 45
0.0
1001
ACAD
1000
AcDbSavedByObjectVersion
1070
     0
  0
VISUALSTYLE
  5
7C0
102
{ACAD_REACTORS
330
7B8
102
}
102
{ACAD_XDICTIONARY
360
7EC
102
}
330
7B8
100
AcDbVisualStyle
  2
Basic
 70
     7
 71
     1
 72
     0
 73
     1
 90
        0
 40
0.6
 41
30.0
 62
     5
 63
     7
421
 16777215
 74
     0
 91
        4
 64
     7
 65
   257
 75
     1
175
     1
 42
1.0
 92
        8
 66
     7
 43
1.0
 76
     1
 77
     6
 78
     2
 67
     7
 79
     5
170
     0
171
     0
290
     0
174
     0
 93
        1
 44
0.0
173
     0
291
     1
 45
0.0
1001
ACAD
1000
AcDbSavedByObjectVersion
1070
     0
  0
VISUALSTYLE
  5
7C4
102
{ACAD_REACTORS
330
7B8
102
}
102
{ACAD_XDICTIONARY
360
7F4
102
}
330
7B8
100
AcDbVisualStyle
  2
Brighten
 70
    12
 71
     2
 72
     2
 73
     0
 90
        0
 40
0.6
 41
30.0
 62
     5
 63
     7
421
 16777215
 74
     1
 91
        4
 64
     7
 65
   257
 75
     1
175
     1
 42
1.0
 92
        8
 66
     7
 43
1.0
 76
     1
 77
     6
 78
     2
 67
     7
 79
     5
170
     0
171
     0
290
     0
174
     0
 93
        1
 44
50.0
173
     0
291
     1
 45
0.0
1001
ACAD
1000
AcDbSavedByObjectVersion
1070
     0
  0
VISUALSTYLE
  5
7C8
102
{ACAD_REACTORS
330
7B8
102
}
102
{ACAD_XDICTIONARY
360
7FC
102
}
330
7B8
100
AcDbVisualStyle
  2
ColorChange
 70
    16
 71
     2
 72
     2
 73
     3
 90
        0
 40
0.6
 41
30.0
 62
     5
 63
     8
421
  8421504
 74
     1
 91
        4
 64
     7
 65
   257
 75
     1
175
     1
 42
1.0
 92
        8
 66
     8
424
  8421504
 43
1.0
 76
     1
 77
     6
 78
     2
 67
     7
 79
     5
170
     0
171
     0
290
     0
174
     0
 93
        1
 44
0.0
173
     0
291
     1
 45
0.0
1001
ACAD
1000
AcDbSavedByObjectVersion
1070
     0
  0
VISUALSTYLE
  5
7C2
102
{ACAD_REACTORS
330
7B8
102
}
102
{ACAD_XDICTIONARY
360
7F0
102
}
330
7B8
100
AcDbVisualStyle
  2
Conceptual
 70
     9
 71
     3
 72
     2
 73
     0
 90
        0
 40
0.6
 41
30.0
 62
     5
 63
     7
421
 16777215
 74
     2
 91
        2
 64
     7
 65
   257
 75
     1
175
     1
 42
179.0
 92
        8
 66
     7
 43
1.0
 76
     1
 77
     6
 78
     2
 67
     7
 79
     3
170
     0
171
     0
290
     0
174
     0
 93
        1
 44
0.0
173
     0
291
     0
 45
0.0
1001
ACAD
1000
AcDbSavedByObjectVersion
1070
     0
  0
VISUALSTYLE
  5
7C3
102
{ACAD_REACTORS
330
7B8
102
}
102
{ACAD_XDICTIONARY
360
7F2
102
}
330
7B8
100
AcDbVisualStyle
  2
Dim
 70
    11
 71
     2
 72
     2
 73
     0
 90
        0
 40
0.6
 41
30.0
 62
     5
 63
     7
421
 16777215
 74
     1
 91
        4
 64
     7
 65
   257
 75
     1
175
     1
 42
1.0
 92
        8
 66
     7
 43
1.0
 76
     1
 77
     6
 78
     2
 67
     7
 79
     5
170
     0
171
     0
290
     0
174
     0
 93
        1
 44
-50.0
173
     0
291
     1
 45
0.0
1001
ACAD
1000
AcDbSavedByObjectVersion
1070
     0
  0
VISUALSTYLE
  5
7CB
102
{ACAD_REACTORS
330
7B8
102
}
102
{ACAD_XDICTIONARY
360
802
102
}
330
7B8
100
AcDbVisualStyle
  2
EdgeColorOff
 70
    22
 71
     2
 72
     2
 73
     0
 90
        0
 40
0.6
 41
30.0
 62
     5
 63
     7
421
 16777215
 74
     1
 91
        4
 64
     7
 65
   257
 75
     1
175
     1
 42
1.0
 92
        8
 66
     7
 43
1.0
 76
     1
 77
     6
 78
     2
 67
     7
 79
     5
170
     0
171
     0
290
     0
174
     0
 93
        1
 44
0.0
173
     0
291
     1
 45
0.0
1001
ACAD
1000
AcDbSavedByObjectVersion
1070
     0
  0
VISUALSTYLE
  5
7C7
102
{ACAD_REACTORS
330
7B8
102
}
102
{ACAD_XDICTIONARY
360
7FA
102
}
330
7B8
100
AcDbVisualStyle
  2
Facepattern
 70
    15
 71
     2
 72
     2
 73
     0
 90
        0
 40
0.6
 41
30.0
 62
     5
 63
     7
421
 16777215
 74
     1
 91
        4
 64
     7
 65
   257
 75
     1
175
     1
 42
1.0
 92
        8
 66
     7
 43
1.0
 76
     1
 77
     6
 78
     2
 67
     7
 79
     5
170
     0
171
     0
290
     0
174
     0
 93
        1
 44
0.0
173
     0
291
     1
 45
0.0
1001
ACAD
1000
AcDbSavedByObjectVersion
1070
     0
  0
VISUALSTYLE
  5
7B9
102
{ACAD_REACTORS
330
7B8
102
}
102
{ACAD_XDICTIONARY
360
7DE
102
}
330
7B8
100
AcDbVisualStyle
  2
Flat
 70
     0
 71
     2
 72
     1
 73
     1
 90
        2
 40
0.6
 41
30.0
 62
     5
 63
     7
421
 16777215
 74
     0
 91
        0
 64
     7
 65
   257
 75
     1
175
     1
 42
1.0
 92
        8
 66
     7
 43
1.0
 76
     1
 77
     6
 78
     2
 67
     7
 79
     5
170
     0
171
     0
290
     0
174
     0
 93
       13
 44
0.0
173
     0
291
     1
 45
0.0
1001
ACAD
1000
AcDbSavedByObjectVersion
1070
     0
  0
VISUALSTYLE
  5
7BA
102
{ACAD_REACTORS
330
7B8
102
}
102
{ACAD_XDICTIONARY
360
7E0
102
}
330
7B8
100
AcDbVisualStyle
  2
FlatWithEdges
 70
     1
 71
     2
 72
     1
 73
     1
 90
        2
 40
0.6
 41
30.0
 62
     5
 63
     7
421
 16777215
 74
     1
 91
        0
 64
     7
 65
   257
 75
     1
175
     1
 42
1.0
 92
        0
 66
   257
 43
1.0
 76
     1
 77
     6
 78
     2
 67
     7
 79
     5
170
     0
171
     0
290
     0
174
     0
 93
       13
 44
0.0
173
     0
291
     1
 45
0.0
1001
ACAD
1000
AcDbSavedByObjectVersion
1070
     0
  0
VISUALSTYLE
  5
7BB
102
{ACAD_REACTORS
330
7B8
102
}
102
{ACAD_XDICTIONARY
360
7E2
102
}
330
7B8
100
AcDbVisualStyle
  2
Gouraud
 70
     2
 71
     2
 72
     2
 73
     1
 90
        2
 40
0.6
 41
30.0
 62
     5
 63
     7
421
 16777215
 74
     0
 91
        0
 64
     7
 65
   257
 75
     1
175
     1
 42
1.0
 92
        0
 66
     7
 43
1.0
 76
     1
 77
     6
 78
     2
 67
     7
 79
     5
170
     0
171
     0
290
     0
174
     0
 93
       13
 44
0.0
173
     0
291
     1
 45
0.0
1001
ACAD
1000
AcDbSavedByObjectVersion
1070
     0
  0
VISUALSTYLE
  5
7BC
102
{ACAD_REACTORS
330
7B8
102
}
102
{ACAD_XDICTIONARY
360
7E4
102
}
330
7B8
100
AcDbVisualStyle
  2
GouraudWithEdges
 70
     3
 71
     2
 72
     2
 73
     1
 90
        2
 40
0.6
 41
30.0
 62
     5
 63
     7
421
 16777215
 74
     1
 91
        0
 64
     7
 65
   257
 75
     1
175
     1
 42
1.0
 92
        0
 66
   257
 43
1.0
 76
     1
 77
     6
 78
     2
 67
     7
 79
     5
170
     0
171
     0
290
     0
174
     0
 93
       13
 44
0.0
173
     0
291
     1
 45
0.0
1001
ACAD
1000
AcDbSavedByObjectVersion
1070
     0
  0
VISUALSTYLE
  5
7BF
102
{ACAD_REACTORS
330
7B8
102
}
102
{ACAD_XDICTIONARY
360
7EA
102
}
330
7B8
100
AcDbVisualStyle
  2
Hidden
 70
     6
 71
     1
 72
     2
 73
     2
 90
        0
 40
0.6
 41
30.0
 62
     5
 63
     7
421
 16777215
 74
     2
 91
        2
 64
     7
 65
   257
 75
     2
175
     1
 42
40.0
 92
        0
 66
   257
 43
1.0
 76
     1
 77
     6
 78
     2
 67
     7
 79
     3
170
     0
171
     0
290
     0
174
     0
 93
        1
 44
0.0
173
     0
291
     0
 45
0.0
1001
ACAD
1000
AcDbSavedByObjectVersion
1070
     0
  0
VISUALSTYLE
  5
7C9
102
{ACAD_REACTORS
330
7B8
102
}
102
{ACAD_XDICTIONARY
360
7FE
102
}
330
7B8
100
AcDbVisualStyle
  2
JitterOff
 70
    20
 71
     2
 72
     2
 73
     0
 90
        0
 40
0.6
 41
30.0
 62
     5
 63
     7
421
 16777215
 74
     1
 91
        4
 64
     7
 65
   257
 75
     1
175
     1
 42
1.0
 92
       10
 66
     7
 43
1.0
 76
     1
 77
     6
 78
     2
 67
     7
 79
     5
170
     0
171
     0
290
     0
174
     0
 93
        1
 44
0.0
173
     0
291
     1
 45
0.0
1001
ACAD
1000
AcDbSavedByObjectVersion
1070
     0
  0
VISUALSTYLE
  5
7C6
102
{ACAD_REACTORS
330
7B8
102
}
102
{ACAD_XDICTIONARY
360
7F8
102
}
330
7B8
100
AcDbVisualStyle
  2
Linepattern
 70
    14
 71
     2
 72
     2
 73
     0
 90
        0
 40
0.6
 41
30.0
 62
     5
 63
     7
421
 16777215
 74
     1
 91
        4
 64
     7
 65
   257
 75
     7
175
     7
 42
1.0
 92
        8
 66
     7
 43
1.0
 76
     1
 77
     6
 78
     2
 67
     7
 79
     5
170
     0
171
     0
290
     0
174
     0
 93
        1
 44
0.0
173
     0
291
     1
 45
0.0
1001
ACAD
1000
AcDbSavedByObjectVersion
1070
     0
  0
VISUALSTYLE
  5
7CA
102
{ACAD_REACTORS
330
7B8
102
}
102
{ACAD_XDICTIONARY
360
800
102
}
330
7B8
100
AcDbVisualStyle
  2
OverhangOff
 70
    21
 71
     2
 72
     2
 73
     0
 90
        0
 40
0.6
 41
30.0
 62
     5
 63
     7
421
 16777215
 74
     1
 91
        4
 64
     7
 65
   257
 75
     1
175
     1
 42
1.0
 92
        9
 66
     7
 43
1.0
 76
     1
 77
     6
 78
     2
 67
     7
 79
     5
170
     0
171
     0
290
     0
174
     0
 93
        1
 44
0.0
173
     0
291
     1
 45
0.0
1001
ACAD
1000
AcDbSavedByObjectVersion
1070
     0
  0
VISUALSTYLE
  5
7C1
102
{ACAD_REACTORS
330
7B8
102
}
102
{ACAD_XDICTIONARY
360
7EE
102
}
330
7B8
100
AcDbVisualStyle
  2
Realistic
 70
     8
 71
     2
 72
     3
 73
     0
 90
        2
 40
0.6
 41
30.0
 62
     5
 63
     7
421
 16777215
 74
     0
 91
        0
 64
     7
 65
   257
 75
     1
175
     1
 42
1.0
 92
        8
 66
   257
 43
1.0
 76
     1
 77
     6
 78
     2
 67
     7
 79
     3
170
     0
171
     0
290
     0
174
     0
 93
       13
 44
0.0
173
     0
291
     0
 45
0.0
1001
ACAD
1000
AcDbSavedByObjectVersion
1070
     0
  0
VISUALSTYLE
  5
7D0
102
{ACAD_REACTORS
330
7B8
102
}
102
{ACAD_XDICTIONARY
360
80C
102
}
330
7B8
100
AcDbVisualStyle
  2
Shaded
 70
    27
 71
     2
 72
     2
 73
     1
 90
        2
 40
0.6
 41
30.0
 62
     5
 63
     7
421
 16777215
 74
     0
 91
        4
 64
     7
 65
   257
 75
     1
175
     1
 42
1.0
 92
        8
 66
   257
 43
1.0
 76
     1
 77
     6
 78
     2
 67
     8
425
  7895160
 79
     3
170
     0
171
     0
290
     0
174
     0
 93
        5
 44
0.0
173
     0
291
     0
 45
0.0
1001
ACAD
1000
AcDbSavedByObjectVersion
1070
     0
  0
VISUALSTYLE
  5
7CF
102
{ACAD_REACTORS
330
7B8
102
}
102
{ACAD_XDICTIONARY
360
80A
102
}
330
7B8
100
AcDbVisualStyle
  2
Shaded with edges
 70
    26
 71
     2
 72
     2
 73
     1
 90
        2
 40
0.6
 41
30.0
 62
     5
 63
     7
421
 16777215
 74
     1
 91
       10
 64
     7
 65
   257
 75
     2
175
     1
 42
1.0
 92
        8
 66
   257
 43
1.0
 76
     1
 77
     6
 78
     2
 67
     7
 79
     3
170
     0
171
     0
290
     0
174
     0
 93
        5
 44
0.0
173
     0
291
     0
 45
0.0
1001
ACAD
1000
AcDbSavedByObjectVersion
1070
     0
  0
VISUALSTYLE
  5
7CC
102
{ACAD_REACTORS
330
7B8
102
}
102
{ACAD_XDICTIONARY
360
804
102
}
330
7B8
100
AcDbVisualStyle
  2
Shades of Gray
 70
    23
 71
     2
 72
     2
 73
     3
 90
        0
 40
0.6
 41
30.0
 62
     5
 63
     7
421
 16777215
 74
     2
 91
        2
 64
     7
 65
     7
 75
     1
175
     1
 42
40.0
 92
        8
 66
     7
 43
1.0
 76
     1
 77
     6
 78
     2
 67
     7
 79
     3
170
     0
171
     0
290
     0
174
     0
 93
        1
 44
0.0
173
     0
291
     0
 45
0.0
1001
ACAD
1000
AcDbSavedByObjectVersion
1070
     0
  0
VISUALSTYLE
  5
7CD
102
{ACAD_REACTORS
330
7B8
102
}
102
{ACAD_XDICTIONARY
360
806
102
}
330
7B8
100
AcDbVisualStyle
  2
Sketchy
 70
    24
 71
     1
 72
     2
 73
     2
 90
        0
 40
0.6
 41
30.0
 62
     5
 63
     7
421
 16777215
 74
     2
 91
        2
 64
     7
 65
     7
 75
     1
175
     1
 42
40.0
 92
       11
 66
     7
 43
1.0
 76
     1
 77
     6
 78
     2
 67
     7
 79
     6
170
     0
171
     0
290
     0
174
     0
 93
        1
 44
0.0
173
     0
291
     0
 45
0.0
1001
ACAD
1000
AcDbSavedByObjectVersion
1070
     0
  0
VISUALSTYLE
  5
7C5
102
{ACAD_REACTORS
330
7B8
102
}
102
{ACAD_XDICTIONARY
360
7F6
102
}
330
7B8
100
AcDbVisualStyle
  2
Thicken
 70
    13
 71
     2
 72
     2
 73
     0
 90
        0
 40
0.6
 41
30.0
 62
     5
 63
     7
421
 16777215
 74
     1
 91
        4
 64
     7
 65
   257
 75
     1
175
     1
 42
1.0
 92
       12
 66
     7
 43
1.0
 76
     1
 77
     6
 78
     2
 67
     7
 79
     5
170
     0
171
     0
290
     0
174
     0
 93
        1
 44
0.0
173
     0
291
     1
 45
0.0
1001
ACAD
1000
AcDbSavedByObjectVersion
1070
     0
  0
VISUALSTYLE
  5
7BE
102
{ACAD_REACTORS
330
7B8
102
}
102
{ACAD_XDICTIONARY
360
7E8
102
}
330
7B8
100
AcDbVisualStyle
  2
Wireframe
 70
     5
 71
     0
 72
     2
 73
     0
 90
        0
 40
0.6
 41
30.0
 62
     5
 63
     7
421
 16777215
 74
     1
 91
        4
 64
     7
 65
   257
 75
     1
175
     1
 42
1.0
 92
        0
 66
   257
 43
1.0
 76
     1
 77
     6
 78
     2
 67
     7
 79
     3
170
     0
171
     0
290
     0
174
     0
 93
        1
 44
0.0
173
     0
291
     0
 45
0.0
1001
ACAD
1000
AcDbSavedByObjectVersion
1070
     0
  0
VISUALSTYLE
  5
7CE
102
{ACAD_REACTORS
330
7B8
102
}
102
{ACAD_XDICTIONARY
360
808
102
}
330
7B8
100
AcDbVisualStyle
  2
X-Ray
 70
    25
 71
     2
 72
     2
 73
     1
 90
        1
 40
0.5
 41
30.0
 62
     5
 63
     7
421
 16777215
 74
     1
 91
        0
 64
     7
 65
   257
 75
     1
175
     1
 42
1.0
 92
        8
 66
     7
 43
1.0
 76
     1
 77
     6
 78
     2
 67
     7
 79
     3
170
     0
171
     0
290
     0
174
     0
 93
       13
 44
0.0
173
     0
291
     0
 45
0.0
1001
ACAD
1000
AcDbSavedByObjectVersion
1070
     0
  0
DICTIONARYVAR
  5
7DC
102
{ACAD_REACTORS
330
7DB
102
}
330
7DB
100
DictionaryVariables
280
     0
  1
1:1
  0
DICTIONARYVAR
  5
81C
102
{ACAD_REACTORS
330
7DB
102
}
330
7DB
100
DictionaryVariables
280
     0
  1
Standard
  0
DICTIONARYVAR
  5
81B
102
{ACAD_REACTORS
330
7DB
102
}
330
7DB
100
DictionaryVariables
280
     0
  1
Standard
  0
DICTIONARYVAR
  5
81D
102
{ACAD_REACTORS
330
7DB
102
}
330
7DB
100
DictionaryVariables
280
     0
  1
0
  0
DICTIONARYVAR
  5
7DD
102
{ACAD_REACTORS
330
7DB
102
}
330
7DB
100
DictionaryVariables
280
     0
  1
2
  0
DICTIONARY
  5
810
330
7D3
100
AcDbDictionary
280
     1
281
     1
  3
ACAD_XREC_ROUNDTRIP
360
811
  0
DICTIONARY
  5
80E
330
7D2
100
AcDbDictionary
280
     1
281
     1
  3
ACAD_XREC_ROUNDTRIP
360
80F
  0
DICTIONARY
  5
812
330
7D4
100
AcDbDictionary
280
     1
281
     1
  3
ACAD_XREC_ROUNDTRIP
360
813
  0
DICTIONARY
  5
818
330
7D8
100
AcDbDictionary
280
     1
281
     1
  3
ACAD_XREC_ROUNDTRIP
360
819
  0
DICTIONARY
  5
814
330
7D6
100
AcDbDictionary
280
     1
281
     1
  3
ACAD_ROUNDTRIP_2008_TABLESTYLE_CELLSTYLEMAP
360
816
  3
ACAD_XREC_ROUNDTRIP
360
815
  0
DICTIONARY
  5
7E6
330
7BD
100
AcDbDictionary
280
     1
281
     1
  3
ACAD_XREC_ROUNDTRIP
360
7E7
  0
DICTIONARY
  5
7EC
330
7C0
100
AcDbDictionary
280
     1
281
     1
  3
ACAD_XREC_ROUNDTRIP
360
7ED
  0
DICTIONARY
  5
7F4
330
7C4
100
AcDbDictionary
280
     1
281
     1
  3
ACAD_XREC_ROUNDTRIP
360
7F5
  0
DICTIONARY
  5
7FC
330
7C8
100
AcDbDictionary
280
     1
281
     1
  3
ACAD_XREC_ROUNDTRIP
360
7FD
  0
DICTIONARY
  5
7F0
330
7C2
100
AcDbDictionary
280
     1
281
     1
  3
ACAD_XREC_ROUNDTRIP
360
7F1
  0
DICTIONARY
  5
7F2
330
7C3
100
AcDbDictionary
280
     1
281
     1
  3
ACAD_XREC_ROUNDTRIP
360
7F3
  0
DICTIONARY
  5
802
330
7CB
100
AcDbDictionary
280
     1
281
     1
  3
ACAD_XREC_ROUNDTRIP
360
803
  0
DICTIONARY
  5
7FA
330
7C7
100
AcDbDictionary
280
     1
281
     1
  3
ACAD_XREC_ROUNDTRIP
360
7FB
  0
DICTIONARY
  5
7DE
330
7B9
100
AcDbDictionary
280
     1
281
     1
  3
ACAD_XREC_ROUNDTRIP
360
7DF
  0
DICTIONARY
  5
7E0
330
7BA
100
AcDbDictionary
280
     1
281
     1
  3
ACAD_XREC_ROUNDTRIP
360
7E1
  0
DICTIONARY
  5
7E2
330
7BB
100
AcDbDictionary
280
     1
281
     1
  3
ACAD_XREC_ROUNDTRIP
360
7E3
  0
DICTIONARY
  5
7E4
330
7BC
100
AcDbDictionary
280
     1
281
     1
  3
ACAD_XREC_ROUNDTRIP
360
7E5
  0
DICTIONARY
  5
7EA
330
7BF
100
AcDbDictionary
280
     1
281
     1
  3
ACAD_XREC_ROUNDTRIP
360
7EB
  0
DICTIONARY
  5
7FE
330
7C9
100
AcDbDictionary
280
     1
281
     1
  3
ACAD_XREC_ROUNDTRIP
360
7FF
  0
DICTIONARY
  5
7F8
330
7C6
100
AcDbDictionary
280
     1
281
     1
  3
ACAD_XREC_ROUNDTRIP
360
7F9
  0
DICTIONARY
  5
800
330
7CA
100
AcDbDictionary
280
     1
281
     1
  3
ACAD_XREC_ROUNDTRIP
360
801
  0
DICTIONARY
  5
7EE
330
7C1
100
AcDbDictionary
280
     1
281
     1
  3
ACAD_XREC_ROUNDTRIP
360
7EF
  0
DICTIONARY
  5
80C
330
7D0
100
AcDbDictionary
280
     1
281
     1
  3
ACAD_XREC_ROUNDTRIP
360
80D
  0
DICTIONARY
  5
80A
330
7CF
100
AcDbDictionary
280
     1
281
     1
  3
ACAD_XREC_ROUNDTRIP
360
80B
  0
DICTIONARY
  5
804
330
7CC
100
AcDbDictionary
280
     1
281
     1
  3
ACAD_XREC_ROUNDTRIP
360
805
  0
DICTIONARY
  5
806
330
7CD
100
AcDbDictionary
280
     1
281
     1
  3
ACAD_XREC_ROUNDTRIP
360
807
  0
DICTIONARY
  5
7F6
330
7C5
100
AcDbDictionary
280
     1
281
     1
  3
ACAD_XREC_ROUNDTRIP
360
7F7
  0
DICTIONARY
  5
7E8
330
7BE
100
AcDbDictionary
280
     1
281
     1
  3
ACAD_XREC_ROUNDTRIP
360
7E9
  0
DICTIONARY
  5
808
330
7CE
100
AcDbDictionary
280
     1
281
     1
  3
ACAD_XREC_ROUNDTRIP
360
809
  0
XRECORD
  5
811
102
{ACAD_REACTORS
330
810
102
}
330
810
100
AcDbXrecord
280
     1
102
MATERIAL
148
0.0
149
0.0
149
0.0
 93
        0
 94
      127
282
     0
 72
     1
 77
     1
171
     1
175
     1
179
     1
273
     0
  0
XRECORD
  5
80F
102
{ACAD_REACTORS
330
80E
102
}
330
80E
100
AcDbXrecord
280
     1
102
MATERIAL
148
0.0
149
0.0
149
0.0
 93
        0
 94
      127
282
     0
 72
     1
 77
     1
171
     1
175
     1
179
     1
273
     0
  0
XRECORD
  5
813
102
{ACAD_REACTORS
330
812
102
}
330
812
100
AcDbXrecord
280
     1
102
MATERIAL
148
0.0
149
0.0
149
0.0
 93
        0
 94
      127
282
     0
 72
     1
 77
     1
171
     1
175
     1
179
     1
273
     0
  0
XRECORD
  5
819
102
{ACAD_REACTORS
330
818
102
}
330
818
100
AcDbXrecord
280
     1
102
ACAD_ROUNDTRIP_2010_MLEADER_STYLE
  0
CELLSTYLEMAP
  5
816
102
{ACAD_REACTORS
330
814
102
}
330
814
100
AcDbCellStyleMap
 90
        3
300
CELLSTYLE
  1
TABLEFORMAT_BEGIN
 90
        5
170
     1
 91
        0
 92
    32768
 62
   257
 93
        1
300
CONTENTFORMAT
  1
CONTENTFORMAT_BEGIN
 90
        0
 91
        0
 92
        4
 93
        0
300

 40
0.0
140
1.0
 94
        5
 62
     0
340
11
144
0.25
309
CONTENTFORMAT_END
171
     1
301
MARGIN
  1
CELLMARGIN_BEGIN
 40
0.06
 40
0.06
 40
0.06
 40
0.06
 40
0.06
 40
0.06
309
CELLMARGIN_END
 94
        6
 95
        1
302
GRIDFORMAT
  1
GRIDFORMAT_BEGIN
 90
        0
 91
        1
 62
     0
 92
       -2
340
14
 93
        0
 40
0.045
309
GRIDFORMAT_END
 95
        2
302
GRIDFORMAT
  1
GRIDFORMAT_BEGIN
 90
        0
 91
        1
 62
     0
 92
       -2
340
14
 93
        0
 40
0.045
309
GRIDFORMAT_END
 95
        4
302
GRIDFORMAT
  1
GRIDFORMAT_BEGIN
 90
        0
 91
        1
 62
     0
 92
       -2
340
14
 93
        0
 40
0.045
309
GRIDFORMAT_END
 95
        8
302
GRIDFORMAT
  1
GRIDFORMAT_BEGIN
 90
        0
 91
        1
 62
     0
 92
       -2
340
14
 93
        0
 40
0.045
309
GRIDFORMAT_END
 95
       16
302
GRIDFORMAT
  1
GRIDFORMAT_BEGIN
 90
        0
 91
        1
 62
     0
 92
       -2
340
14
 93
        0
 40
0.045
309
GRIDFORMAT_END
 95
       32
302
GRIDFORMAT
  1
GRIDFORMAT_BEGIN
 90
        0
 91
        1
 62
     0
 92
       -2
340
14
 93
        0
 40
0.045
309
GRIDFORMAT_END
309
TABLEFORMAT_END
  1
CELLSTYLE_BEGIN
 90
        1
 91
        1
300
_TITLE
309
CELLSTYLE_END
300
CELLSTYLE
  1
TABLEFORMAT_BEGIN
 90
        5
170
     1
 91
        0
 92
        0
 62
   257
 93
        1
300
CONTENTFORMAT
  1
CONTENTFORMAT_BEGIN
 90
        0
 91
        0
 92
        4
 93
        0
300

 40
0.0
140
1.0
 94
        5
 62
     0
340
11
144
0.18
309
CONTENTFORMAT_END
171
     1
301
MARGIN
  1
CELLMARGIN_BEGIN
 40
0.06
 40
0.06
 40
0.06
 40
0.06
 40
0.06
 40
0.06
309
CELLMARGIN_END
 94
        6
 95
        1
302
GRIDFORMAT
  1
GRIDFORMAT_BEGIN
 90
        0
 91
        1
 62
     0
 92
       -2
340
14
 93
        0
 40
0.045
309
GRIDFORMAT_END
 95
        2
302
GRIDFORMAT
  1
GRIDFORMAT_BEGIN
 90
        0
 91
        1
 62
     0
 92
       -2
340
14
 93
        0
 40
0.045
309
GRIDFORMAT_END
 95
        4
302
GRIDFORMAT
  1
GRIDFORMAT_BEGIN
 90
        0
 91
        1
 62
     0
 92
       -2
340
14
 93
        0
 40
0.045
309
GRIDFORMAT_END
 95
        8
302
GRIDFORMAT
  1
GRIDFORMAT_BEGIN
 90
        0
 91
        1
 62
     0
 92
       -2
340
14
 93
        0
 40
0.045
309
GRIDFORMAT_END
 95
       16
302
GRIDFORMAT
  1
GRIDFORMAT_BEGIN
 90
        0
 91
        1
 62
     0
 92
       -2
340
14
 93
        0
 40
0.045
309
GRIDFORMAT_END
 95
       32
302
GRIDFORMAT
  1
GRIDFORMAT_BEGIN
 90
        0
 91
        1
 62
     0
 92
       -2
340
14
 93
        0
 40
0.045
309
GRIDFORMAT_END
309
TABLEFORMAT_END
  1
CELLSTYLE_BEGIN
 90
        2
 91
        1
300
_HEADER
309
CELLSTYLE_END
300
CELLSTYLE
  1
TABLEFORMAT_BEGIN
 90
        5
170
     1
 91
        0
 92
        0
 62
   257
 93
        1
300
CONTENTFORMAT
  1
CONTENTFORMAT_BEGIN
 90
        0
 91
        0
 92
        4
 93
        0
300

 40
0.0
140
1.0
 94
        2
 62
     0
340
11
144
0.18
309
CONTENTFORMAT_END
171
     1
301
MARGIN
  1
CELLMARGIN_BEGIN
 40
0.06
 40
0.06
 40
0.06
 40
0.06
 40
0.06
 40
0.06
309
CELLMARGIN_END
 94
        6
 95
        1
302
GRIDFORMAT
  1
GRIDFORMAT_BEGIN
 90
        0
 91
        1
 62
     0
 92
       -2
340
14
 93
        0
 40
0.045
309
GRIDFORMAT_END
 95
        2
302
GRIDFORMAT
  1
GRIDFORMAT_BEGIN
 90
        0
 91
        1
 62
     0
 92
       -2
340
14
 93
        0
 40
0.045
309
GRIDFORMAT_END
 95
        4
302
GRIDFORMAT
  1
GRIDFORMAT_BEGIN
 90
        0
 91
        1
 62
     0
 92
       -2
340
14
 93
        0
 40
0.045
309
GRIDFORMAT_END
 95
        8
302
GRIDFORMAT
  1
GRIDFORMAT_BEGIN
 90
        0
 91
        1
 62
     0
 92
       -2
340
14
 93
        0
 40
0.045
309
GRIDFORMAT_END
 95
       16
302
GRIDFORMAT
  1
GRIDFORMAT_BEGIN
 90
        0
 91
        1
 62
     0
 92
       -2
340
14
 93
        0
 40
0.045
309
GRIDFORMAT_END
 95
       32
302
GRIDFORMAT
  1
GRIDFORMAT_BEGIN
 90
        0
 91
        1
 62
     0
 92
       -2
340
14
 93
        0
 40
0.045
309
GRIDFORMAT_END
309
TABLEFORMAT_END
  1
CELLSTYLE_BEGIN
 90
        3
 91
        2
300
_DATA
309
CELLSTYLE_END
  0
XRECORD
  5
815
102
{ACAD_REACTORS
330
814
102
}
330
814
100
AcDbXrecord
280
     1
102
ACAD_ROUNDTRIP_PRE2007_TABLESTYLE
 90
        4
 91
        0
  1

 92
        4
 93
        0
  2

 94
        4
 95
        0
  3

  0
XRECORD
  5
7E7
102
{ACAD_REACTORS
330
7E6
102
}
330
7E6
100
AcDbXrecord
280
     1
102
RTVSPropertyOp0
 70
     1
102
RTVSPropertyOp1
 70
     1
102
RTVSPropertyOp2
 70
     1
102
RTVSPropertyOp3
 70
     1
102
RTVSPropertyOp4
 70
     1
102
RTVSPropertyOp5
 70
     1
102
RTVSPropertyOp6
 70
     1
102
RTVSPropertyOp7
 70
     1
102
RTVSPropertyOp8
 70
     1
102
RTVSPropertyOp9
 70
     1
102
RTVSPropertyOp10
 70
     1
102
RTVSPropertyOp11
 70
     1
102
RTVSPropertyOp12
 70
     1
102
RTVSPropertyOp13
 70
     1
102
RTVSPropertyOp14
 70
     1
102
RTVSPropertyOp15
 70
     1
102
RTVSPropertyOp16
 70
     1
102
RTVSPropertyOp17
 70
     1
102
RTVSPropertyOp18
 70
     1
102
RTVSPropertyOp19
 70
     1
102
RTVSPropertyOp20
 70
     1
102
RTVSPropertyOp21
 70
     1
102
RTVSPropertyOp22
 70
     1
102
RTVSPropertyOp23
 70
     1
102
RTVSPropertyOp24
 70
     1
102
RTVSPropertyOp25
 70
     1
102
RTVSPropertyOp26
 70
     1
102
RTVSPropertyOp27
 70
     1
102
RTVSPropertyOp28
 70
     1
102
RTVSPropertyOp29
 70
     1
102
RTVSPropertyOp30
 70
     1
102
RTVSPropertyOp31
 70
     1
102
RTVSPropertyOp32
 70
     1
102
RTVSPropertyOp33
 70
     1
102
RTVSPropertyOp34
 70
     1
102
RTVSPropertyOp35
 70
     1
102
RTVSPropertyOp36
 70
     1
102
RTVSPropertyOp37
 70
     1
102
RTVSPropertyOp38
 70
     1
102
RTVSPropertyOp39
 70
     1
102
RTVSPropertyOp40
 70
     1
102
RTVSPropertyOp41
 70
     1
102
RTVSPropertyOp42
 70
     1
102
RTVSPropertyOp43
 70
     1
102
RTVSPropertyOp44
 70
     1
102
RTVSPropertyOp45
 70
     1
102
RTVSPropertyOp46
 70
     1
102
RTVSPropertyOp47
 70
     1
102
RTVSPropertyOp48
 70
     1
102
RTVSPropertyOp49
 70
     1
102
RTVSPropertyOp50
 70
     1
102
RTVSPropertyOp51
 70
     0
102
RTVSPropertyOp52
 70
     0
102
RTVSPropertyOp53
 70
     1
102
RTVSPropertyOp54
 70
     1
102
RTVSPropertyOp55
 70
     1
102
RTVSPropertyOp56
 70
     1
102
RTVSPropertyOp57
 70
     1
102
RTVSPost2010Prop28
280
     1
102
RTVSPost2010PropOp28
 70
     1
102
RTVSPost2010Prop29
280
     1
102
RTVSPost2010PropOp29
 70
     1
102
RTVSPost2010Prop30
280
     0
102
RTVSPost2010PropOp30
 70
     1
102
RTVSPost2010Prop31
280
     0
102
RTVSPost2010PropOp31
 70
     1
102
RTVSPost2010Prop32
280
     0
102
RTVSPost2010PropOp32
 70
     1
102
RTVSPost2010Prop33
280
     0
102
RTVSPost2010PropOp33
 70
     1
102
RTVSPost2010Prop34
280
     0
102
RTVSPost2010PropOp34
 70
     1
102
RTVSPost2010Prop35
280
     0
102
RTVSPost2010PropOp35
 70
     1
102
RTVSPost2010Prop36
280
     0
102
RTVSPost2010PropOp36
 70
     1
102
RTVSPost2010Prop37
 90
       50
102
RTVSPost2010PropOp37
 70
     1
102
RTVSPost2010Prop38
140
0.0
102
RTVSPost2010PropOp38
 70
     1
102
RTVSPost2010Prop39
140
1.0
102
RTVSPost2010PropOp39
 70
     1
102
RTVSPost2010Prop40
 90
        0
102
RTVSPost2010PropOp40
 70
     1
102
RTVSPost2010Prop41ColorIndex
 90
       18
102
RTVSPost2010Prop41ColorRGB
 90
        0
102
RTVSPost2010PropOp41
 70
     1
102
RTVSPost2010Prop42
 90
       50
102
RTVSPost2010PropOp42
 70
     1
102
RTVSPost2010Prop43
 90
        3
102
RTVSPost2010PropOp43
 70
     1
102
RTVSPost2010Prop44ColorIndex
 90
        5
102
RTVSPost2010Prop44ColorRGB
 90
      255
102
RTVSPost2010PropOp44
 70
     1
102
RTVSPost2010Prop45
280
     0
102
RTVSPost2010PropOp45
 70
     1
102
RTVSPost2010Prop46
 90
       50
102
RTVSPost2010PropOp46
 70
     1
102
RTVSPost2010Prop47
 90
       50
102
RTVSPost2010PropOp47
 70
     1
102
RTVSPost2010Prop48
 90
       50
102
RTVSPost2010PropOp48
 70
     1
102
RTVSPost2010Prop49
280
     0
102
RTVSPost2010PropOp49
 70
     1
102
RTVSPost2010Prop50
 90
       50
102
RTVSPost2010PropOp50
 70
     1
102
RTVSPost2010Prop51ColorIndex
 90
      256
102
RTVSPost2010Prop51ColorRGB
 90
-16777216
102
RTVSPost2010PropOp51
 70
     0
102
RTVSPost2010Prop52
140
1.0
102
RTVSPost2010PropOp52
 70
     0
102
RTVSPost2010Prop53
 90
        2
102
RTVSPost2010PropOp53
 70
     1
102
RTVSPost2010Prop54
  1
strokes_ogs.tif
102
RTVSPost2010PropOp54
 70
     1
102
RTVSPost2010Prop55
280
     0
102
RTVSPost2010PropOp55
 70
     1
102
RTVSPost2010Prop56
140
1.0
102
RTVSPost2010PropOp56
 70
     1
102
RTVSPost2010Prop57
140
1.0
102
RTVSPost2010PropOp57
 70
     1
  0
XRECORD
  5
7ED
102
{ACAD_REACTORS
330
7EC
102
}
330
7EC
100
AcDbXrecord
280
     1
102
RTVSPropertyOp0
 70
     1
102
RTVSPropertyOp1
 70
     1
102
RTVSPropertyOp2
 70
     1
102
RTVSPropertyOp3
 70
     1
102
RTVSPropertyOp4
 70
     1
102
RTVSPropertyOp5
 70
     1
102
RTVSPropertyOp6
 70
     1
102
RTVSPropertyOp7
 70
     1
102
RTVSPropertyOp8
 70
     1
102
RTVSPropertyOp9
 70
     1
102
RTVSPropertyOp10
 70
     1
102
RTVSPropertyOp11
 70
     1
102
RTVSPropertyOp12
 70
     1
102
RTVSPropertyOp13
 70
     1
102
RTVSPropertyOp14
 70
     1
102
RTVSPropertyOp15
 70
     1
102
RTVSPropertyOp16
 70
     1
102
RTVSPropertyOp17
 70
     1
102
RTVSPropertyOp18
 70
     1
102
RTVSPropertyOp19
 70
     1
102
RTVSPropertyOp20
 70
     1
102
RTVSPropertyOp21
 70
     1
102
RTVSPropertyOp22
 70
     1
102
RTVSPropertyOp23
 70
     1
102
RTVSPropertyOp24
 70
     1
102
RTVSPropertyOp25
 70
     1
102
RTVSPropertyOp26
 70
     1
102
RTVSPropertyOp27
 70
     1
102
RTVSPropertyOp28
 70
     1
102
RTVSPropertyOp29
 70
     1
102
RTVSPropertyOp30
 70
     1
102
RTVSPropertyOp31
 70
     1
102
RTVSPropertyOp32
 70
     1
102
RTVSPropertyOp33
 70
     1
102
RTVSPropertyOp34
 70
     1
102
RTVSPropertyOp35
 70
     1
102
RTVSPropertyOp36
 70
     1
102
RTVSPropertyOp37
 70
     1
102
RTVSPropertyOp38
 70
     1
102
RTVSPropertyOp39
 70
     1
102
RTVSPropertyOp40
 70
     1
102
RTVSPropertyOp41
 70
     1
102
RTVSPropertyOp42
 70
     1
102
RTVSPropertyOp43
 70
     1
102
RTVSPropertyOp44
 70
     1
102
RTVSPropertyOp45
 70
     1
102
RTVSPropertyOp46
 70
     1
102
RTVSPropertyOp47
 70
     1
102
RTVSPropertyOp48
 70
     1
102
RTVSPropertyOp49
 70
     1
102
RTVSPropertyOp50
 70
     1
102
RTVSPropertyOp51
 70
     0
102
RTVSPropertyOp52
 70
     0
102
RTVSPropertyOp53
 70
     1
102
RTVSPropertyOp54
 70
     1
102
RTVSPropertyOp55
 70
     1
102
RTVSPropertyOp56
 70
     1
102
RTVSPropertyOp57
 70
     1
102
RTVSPost2010Prop28
280
     0
102
RTVSPost2010PropOp28
 70
     1
102
RTVSPost2010Prop29
280
     1
102
RTVSPost2010PropOp29
 70
     1
102
RTVSPost2010Prop30
280
     1
102
RTVSPost2010PropOp30
 70
     1
102
RTVSPost2010Prop31
280
     0
102
RTVSPost2010PropOp31
 70
     1
102
RTVSPost2010Prop32
280
     0
102
RTVSPost2010PropOp32
 70
     1
102
RTVSPost2010Prop33
280
     0
102
RTVSPost2010PropOp33
 70
     1
102
RTVSPost2010Prop34
280
     0
102
RTVSPost2010PropOp34
 70
     1
102
RTVSPost2010Prop35
280
     0
102
RTVSPost2010PropOp35
 70
     1
102
RTVSPost2010Prop36
280
     0
102
RTVSPost2010PropOp36
 70
     1
102
RTVSPost2010Prop37
 90
       50
102
RTVSPost2010PropOp37
 70
     1
102
RTVSPost2010Prop38
140
0.0
102
RTVSPost2010PropOp38
 70
     1
102
RTVSPost2010Prop39
140
1.0
102
RTVSPost2010PropOp39
 70
     1
102
RTVSPost2010Prop40
 90
        0
102
RTVSPost2010PropOp40
 70
     1
102
RTVSPost2010Prop41ColorIndex
 90
       18
102
RTVSPost2010Prop41ColorRGB
 90
        0
102
RTVSPost2010PropOp41
 70
     1
102
RTVSPost2010Prop42
 90
       50
102
RTVSPost2010PropOp42
 70
     1
102
RTVSPost2010Prop43
 90
        3
102
RTVSPost2010PropOp43
 70
     1
102
RTVSPost2010Prop44ColorIndex
 90
        5
102
RTVSPost2010Prop44ColorRGB
 90
      255
102
RTVSPost2010PropOp44
 70
     1
102
RTVSPost2010Prop45
280
     0
102
RTVSPost2010PropOp45
 70
     1
102
RTVSPost2010Prop46
 90
       50
102
RTVSPost2010PropOp46
 70
     1
102
RTVSPost2010Prop47
 90
       50
102
RTVSPost2010PropOp47
 70
     1
102
RTVSPost2010Prop48
 90
       50
102
RTVSPost2010PropOp48
 70
     1
102
RTVSPost2010Prop49
280
     0
102
RTVSPost2010PropOp49
 70
     1
102
RTVSPost2010Prop50
 90
       50
102
RTVSPost2010PropOp50
 70
     1
102
RTVSPost2010Prop51ColorIndex
 90
      256
102
RTVSPost2010Prop51ColorRGB
 90
-16777216
102
RTVSPost2010PropOp51
 70
     0
102
RTVSPost2010Prop52
140
1.0
102
RTVSPost2010PropOp52
 70
     0
102
RTVSPost2010Prop53
 90
        2
102
RTVSPost2010PropOp53
 70
     1
102
RTVSPost2010Prop54
  1
strokes_ogs.tif
102
RTVSPost2010PropOp54
 70
     1
102
RTVSPost2010Prop55
280
     0
102
RTVSPost2010PropOp55
 70
     1
102
RTVSPost2010Prop56
140
1.0
102
RTVSPost2010PropOp56
 70
     1
102
RTVSPost2010Prop57
140
1.0
102
RTVSPost2010PropOp57
 70
     1
  0
XRECORD
  5
7F5
102
{ACAD_REACTORS
330
7F4
102
}
330
7F4
100
AcDbXrecord
280
     1
102
RTVSPropertyOp0
 70
     1
102
RTVSPropertyOp1
 70
     1
102
RTVSPropertyOp2
 70
     1
102
RTVSPropertyOp3
 70
     1
102
RTVSPropertyOp4
 70
     1
102
RTVSPropertyOp5
 70
     1
102
RTVSPropertyOp6
 70
     1
102
RTVSPropertyOp7
 70
     1
102
RTVSPropertyOp8
 70
     1
102
RTVSPropertyOp9
 70
     1
102
RTVSPropertyOp10
 70
     1
102
RTVSPropertyOp11
 70
     1
102
RTVSPropertyOp12
 70
     1
102
RTVSPropertyOp13
 70
     1
102
RTVSPropertyOp14
 70
     1
102
RTVSPropertyOp15
 70
     1
102
RTVSPropertyOp16
 70
     1
102
RTVSPropertyOp17
 70
     1
102
RTVSPropertyOp18
 70
     1
102
RTVSPropertyOp19
 70
     1
102
RTVSPropertyOp20
 70
     1
102
RTVSPropertyOp21
 70
     1
102
RTVSPropertyOp22
 70
     1
102
RTVSPropertyOp23
 70
     1
102
RTVSPropertyOp24
 70
     1
102
RTVSPropertyOp25
 70
     1
102
RTVSPropertyOp26
 70
     1
102
RTVSPropertyOp27
 70
     1
102
RTVSPropertyOp28
 70
     1
102
RTVSPropertyOp29
 70
     1
102
RTVSPropertyOp30
 70
     1
102
RTVSPropertyOp31
 70
     1
102
RTVSPropertyOp32
 70
     1
102
RTVSPropertyOp33
 70
     1
102
RTVSPropertyOp34
 70
     1
102
RTVSPropertyOp35
 70
     1
102
RTVSPropertyOp36
 70
     1
102
RTVSPropertyOp37
 70
     1
102
RTVSPropertyOp38
 70
     1
102
RTVSPropertyOp39
 70
     1
102
RTVSPropertyOp40
 70
     1
102
RTVSPropertyOp41
 70
     1
102
RTVSPropertyOp42
 70
     1
102
RTVSPropertyOp43
 70
     1
102
RTVSPropertyOp44
 70
     1
102
RTVSPropertyOp45
 70
     1
102
RTVSPropertyOp46
 70
     1
102
RTVSPropertyOp47
 70
     1
102
RTVSPropertyOp48
 70
     1
102
RTVSPropertyOp49
 70
     1
102
RTVSPropertyOp50
 70
     1
102
RTVSPropertyOp51
 70
     0
102
RTVSPropertyOp52
 70
     0
102
RTVSPropertyOp53
 70
     1
102
RTVSPropertyOp54
 70
     1
102
RTVSPropertyOp55
 70
     1
102
RTVSPropertyOp56
 70
     1
102
RTVSPropertyOp57
 70
     1
102
RTVSPost2010Prop28
280
     0
102
RTVSPost2010PropOp28
 70
     1
102
RTVSPost2010Prop29
280
     1
102
RTVSPost2010PropOp29
 70
     1
102
RTVSPost2010Prop30
280
     1
102
RTVSPost2010PropOp30
 70
     1
102
RTVSPost2010Prop31
280
     0
102
RTVSPost2010PropOp31
 70
     1
102
RTVSPost2010Prop32
280
     0
102
RTVSPost2010PropOp32
 70
     1
102
RTVSPost2010Prop33
280
     0
102
RTVSPost2010PropOp33
 70
     1
102
RTVSPost2010Prop34
280
     0
102
RTVSPost2010PropOp34
 70
     1
102
RTVSPost2010Prop35
280
     0
102
RTVSPost2010PropOp35
 70
     1
102
RTVSPost2010Prop36
280
     0
102
RTVSPost2010PropOp36
 70
     1
102
RTVSPost2010Prop37
 90
       50
102
RTVSPost2010PropOp37
 70
     1
102
RTVSPost2010Prop38
140
0.0
102
RTVSPost2010PropOp38
 70
     1
102
RTVSPost2010Prop39
140
1.0
102
RTVSPost2010PropOp39
 70
     1
102
RTVSPost2010Prop40
 90
        0
102
RTVSPost2010PropOp40
 70
     1
102
RTVSPost2010Prop41ColorIndex
 90
       18
102
RTVSPost2010Prop41ColorRGB
 90
        0
102
RTVSPost2010PropOp41
 70
     1
102
RTVSPost2010Prop42
 90
       50
102
RTVSPost2010PropOp42
 70
     1
102
RTVSPost2010Prop43
 90
        3
102
RTVSPost2010PropOp43
 70
     1
102
RTVSPost2010Prop44ColorIndex
 90
        5
102
RTVSPost2010Prop44ColorRGB
 90
      255
102
RTVSPost2010PropOp44
 70
     1
102
RTVSPost2010Prop45
280
     0
102
RTVSPost2010PropOp45
 70
     1
102
RTVSPost2010Prop46
 90
       50
102
RTVSPost2010PropOp46
 70
     1
102
RTVSPost2010Prop47
 90
       50
102
RTVSPost2010PropOp47
 70
     1
102
RTVSPost2010Prop48
 90
       50
102
RTVSPost2010PropOp48
 70
     1
102
RTVSPost2010Prop49
280
     0
102
RTVSPost2010PropOp49
 70
     1
102
RTVSPost2010Prop50
 90
       50
102
RTVSPost2010PropOp50
 70
     1
102
RTVSPost2010Prop51ColorIndex
 90
      256
102
RTVSPost2010Prop51ColorRGB
 90
-16777216
102
RTVSPost2010PropOp51
 70
     0
102
RTVSPost2010Prop52
140
1.0
102
RTVSPost2010PropOp52
 70
     0
102
RTVSPost2010Prop53
 90
        2
102
RTVSPost2010PropOp53
 70
     1
102
RTVSPost2010Prop54
  1
strokes_ogs.tif
102
RTVSPost2010PropOp54
 70
     1
102
RTVSPost2010Prop55
280
     0
102
RTVSPost2010PropOp55
 70
     1
102
RTVSPost2010Prop56
140
1.0
102
RTVSPost2010PropOp56
 70
     1
102
RTVSPost2010Prop57
140
1.0
102
RTVSPost2010PropOp57
 70
     1
  0
XRECORD
  5
7FD
102
{ACAD_REACTORS
330
7FC
102
}
330
7FC
100
AcDbXrecord
280
     1
102
RTVSPropertyOp0
 70
     1
102
RTVSPropertyOp1
 70
     1
102
RTVSPropertyOp2
 70
     1
102
RTVSPropertyOp3
 70
     1
102
RTVSPropertyOp4
 70
     1
102
RTVSPropertyOp5
 70
     1
102
RTVSPropertyOp6
 70
     1
102
RTVSPropertyOp7
 70
     1
102
RTVSPropertyOp8
 70
     1
102
RTVSPropertyOp9
 70
     1
102
RTVSPropertyOp10
 70
     1
102
RTVSPropertyOp11
 70
     1
102
RTVSPropertyOp12
 70
     1
102
RTVSPropertyOp13
 70
     1
102
RTVSPropertyOp14
 70
     1
102
RTVSPropertyOp15
 70
     1
102
RTVSPropertyOp16
 70
     1
102
RTVSPropertyOp17
 70
     1
102
RTVSPropertyOp18
 70
     1
102
RTVSPropertyOp19
 70
     1
102
RTVSPropertyOp20
 70
     1
102
RTVSPropertyOp21
 70
     1
102
RTVSPropertyOp22
 70
     1
102
RTVSPropertyOp23
 70
     1
102
RTVSPropertyOp24
 70
     1
102
RTVSPropertyOp25
 70
     1
102
RTVSPropertyOp26
 70
     1
102
RTVSPropertyOp27
 70
     1
102
RTVSPropertyOp28
 70
     1
102
RTVSPropertyOp29
 70
     1
102
RTVSPropertyOp30
 70
     1
102
RTVSPropertyOp31
 70
     1
102
RTVSPropertyOp32
 70
     1
102
RTVSPropertyOp33
 70
     1
102
RTVSPropertyOp34
 70
     1
102
RTVSPropertyOp35
 70
     1
102
RTVSPropertyOp36
 70
     1
102
RTVSPropertyOp37
 70
     1
102
RTVSPropertyOp38
 70
     1
102
RTVSPropertyOp39
 70
     1
102
RTVSPropertyOp40
 70
     1
102
RTVSPropertyOp41
 70
     1
102
RTVSPropertyOp42
 70
     1
102
RTVSPropertyOp43
 70
     1
102
RTVSPropertyOp44
 70
     1
102
RTVSPropertyOp45
 70
     1
102
RTVSPropertyOp46
 70
     1
102
RTVSPropertyOp47
 70
     1
102
RTVSPropertyOp48
 70
     1
102
RTVSPropertyOp49
 70
     1
102
RTVSPropertyOp50
 70
     1
102
RTVSPropertyOp51
 70
     0
102
RTVSPropertyOp52
 70
     0
102
RTVSPropertyOp53
 70
     1
102
RTVSPropertyOp54
 70
     1
102
RTVSPropertyOp55
 70
     1
102
RTVSPropertyOp56
 70
     1
102
RTVSPropertyOp57
 70
     1
102
RTVSPost2010Prop28
280
     0
102
RTVSPost2010PropOp28
 70
     1
102
RTVSPost2010Prop29
280
     1
102
RTVSPost2010PropOp29
 70
     1
102
RTVSPost2010Prop30
280
     1
102
RTVSPost2010PropOp30
 70
     1
102
RTVSPost2010Prop31
280
     0
102
RTVSPost2010PropOp31
 70
     1
102
RTVSPost2010Prop32
280
     0
102
RTVSPost2010PropOp32
 70
     1
102
RTVSPost2010Prop33
280
     0
102
RTVSPost2010PropOp33
 70
     1
102
RTVSPost2010Prop34
280
     0
102
RTVSPost2010PropOp34
 70
     1
102
RTVSPost2010Prop35
280
     0
102
RTVSPost2010PropOp35
 70
     1
102
RTVSPost2010Prop36
280
     0
102
RTVSPost2010PropOp36
 70
     1
102
RTVSPost2010Prop37
 90
       50
102
RTVSPost2010PropOp37
 70
     1
102
RTVSPost2010Prop38
140
0.0
102
RTVSPost2010PropOp38
 70
     1
102
RTVSPost2010Prop39
140
1.0
102
RTVSPost2010PropOp39
 70
     1
102
RTVSPost2010Prop40
 90
        0
102
RTVSPost2010PropOp40
 70
     1
102
RTVSPost2010Prop41ColorIndex
 90
       18
102
RTVSPost2010Prop41ColorRGB
 90
        0
102
RTVSPost2010PropOp41
 70
     1
102
RTVSPost2010Prop42
 90
       50
102
RTVSPost2010PropOp42
 70
     1
102
RTVSPost2010Prop43
 90
        3
102
RTVSPost2010PropOp43
 70
     1
102
RTVSPost2010Prop44ColorIndex
 90
        5
102
RTVSPost2010Prop44ColorRGB
 90
      255
102
RTVSPost2010PropOp44
 70
     1
102
RTVSPost2010Prop45
280
     0
102
RTVSPost2010PropOp45
 70
     1
102
RTVSPost2010Prop46
 90
       50
102
RTVSPost2010PropOp46
 70
     1
102
RTVSPost2010Prop47
 90
       50
102
RTVSPost2010PropOp47
 70
     1
102
RTVSPost2010Prop48
 90
       50
102
RTVSPost2010PropOp48
 70
     1
102
RTVSPost2010Prop49
280
     0
102
RTVSPost2010PropOp49
 70
     1
102
RTVSPost2010Prop50
 90
       50
102
RTVSPost2010PropOp50
 70
     1
102
RTVSPost2010Prop51ColorIndex
 90
      256
102
RTVSPost2010Prop51ColorRGB
 90
-16777216
102
RTVSPost2010PropOp51
 70
     0
102
RTVSPost2010Prop52
140
1.0
102
RTVSPost2010PropOp52
 70
     0
102
RTVSPost2010Prop53
 90
        2
102
RTVSPost2010PropOp53
 70
     1
102
RTVSPost2010Prop54
  1
strokes_ogs.tif
102
RTVSPost2010PropOp54
 70
     1
102
RTVSPost2010Prop55
280
     0
102
RTVSPost2010PropOp55
 70
     1
102
RTVSPost2010Prop56
140
1.0
102
RTVSPost2010PropOp56
 70
     1
102
RTVSPost2010Prop57
140
1.0
102
RTVSPost2010PropOp57
 70
     1
  0
XRECORD
  5
7F1
102
{ACAD_REACTORS
330
7F0
102
}
330
7F0
100
AcDbXrecord
280
     1
102
RTVSPropertyOp0
 70
     1
102
RTVSPropertyOp1
 70
     1
102
RTVSPropertyOp2
 70
     1
102
RTVSPropertyOp3
 70
     1
102
RTVSPropertyOp4
 70
     1
102
RTVSPropertyOp5
 70
     1
102
RTVSPropertyOp6
 70
     1
102
RTVSPropertyOp7
 70
     1
102
RTVSPropertyOp8
 70
     1
102
RTVSPropertyOp9
 70
     1
102
RTVSPropertyOp10
 70
     1
102
RTVSPropertyOp11
 70
     1
102
RTVSPropertyOp12
 70
     1
102
RTVSPropertyOp13
 70
     1
102
RTVSPropertyOp14
 70
     1
102
RTVSPropertyOp15
 70
     1
102
RTVSPropertyOp16
 70
     1
102
RTVSPropertyOp17
 70
     1
102
RTVSPropertyOp18
 70
     1
102
RTVSPropertyOp19
 70
     1
102
RTVSPropertyOp20
 70
     1
102
RTVSPropertyOp21
 70
     1
102
RTVSPropertyOp22
 70
     1
102
RTVSPropertyOp23
 70
     1
102
RTVSPropertyOp24
 70
     1
102
RTVSPropertyOp25
 70
     1
102
RTVSPropertyOp26
 70
     1
102
RTVSPropertyOp27
 70
     1
102
RTVSPropertyOp28
 70
     1
102
RTVSPropertyOp29
 70
     1
102
RTVSPropertyOp30
 70
     1
102
RTVSPropertyOp31
 70
     1
102
RTVSPropertyOp32
 70
     1
102
RTVSPropertyOp33
 70
     1
102
RTVSPropertyOp34
 70
     1
102
RTVSPropertyOp35
 70
     1
102
RTVSPropertyOp36
 70
     1
102
RTVSPropertyOp37
 70
     1
102
RTVSPropertyOp38
 70
     1
102
RTVSPropertyOp39
 70
     1
102
RTVSPropertyOp40
 70
     1
102
RTVSPropertyOp41
 70
     1
102
RTVSPropertyOp42
 70
     1
102
RTVSPropertyOp43
 70
     1
102
RTVSPropertyOp44
 70
     1
102
RTVSPropertyOp45
 70
     1
102
RTVSPropertyOp46
 70
     1
102
RTVSPropertyOp47
 70
     1
102
RTVSPropertyOp48
 70
     1
102
RTVSPropertyOp49
 70
     1
102
RTVSPropertyOp50
 70
     1
102
RTVSPropertyOp51
 70
     0
102
RTVSPropertyOp52
 70
     0
102
RTVSPropertyOp53
 70
     1
102
RTVSPropertyOp54
 70
     1
102
RTVSPropertyOp55
 70
     1
102
RTVSPropertyOp56
 70
     1
102
RTVSPropertyOp57
 70
     1
102
RTVSPost2010Prop28
280
     0
102
RTVSPost2010PropOp28
 70
     1
102
RTVSPost2010Prop29
280
     1
102
RTVSPost2010PropOp29
 70
     1
102
RTVSPost2010Prop30
280
     1
102
RTVSPost2010PropOp30
 70
     1
102
RTVSPost2010Prop31
280
     0
102
RTVSPost2010PropOp31
 70
     1
102
RTVSPost2010Prop32
280
     0
102
RTVSPost2010PropOp32
 70
     1
102
RTVSPost2010Prop33
280
     0
102
RTVSPost2010PropOp33
 70
     1
102
RTVSPost2010Prop34
280
     0
102
RTVSPost2010PropOp34
 70
     1
102
RTVSPost2010Prop35
280
     0
102
RTVSPost2010PropOp35
 70
     1
102
RTVSPost2010Prop36
280
     0
102
RTVSPost2010PropOp36
 70
     1
102
RTVSPost2010Prop37
 90
       50
102
RTVSPost2010PropOp37
 70
     1
102
RTVSPost2010Prop38
140
0.0
102
RTVSPost2010PropOp38
 70
     1
102
RTVSPost2010Prop39
140
1.0
102
RTVSPost2010PropOp39
 70
     1
102
RTVSPost2010Prop40
 90
        0
102
RTVSPost2010PropOp40
 70
     1
102
RTVSPost2010Prop41ColorIndex
 90
       18
102
RTVSPost2010Prop41ColorRGB
 90
        0
102
RTVSPost2010PropOp41
 70
     1
102
RTVSPost2010Prop42
 90
       50
102
RTVSPost2010PropOp42
 70
     1
102
RTVSPost2010Prop43
 90
        3
102
RTVSPost2010PropOp43
 70
     1
102
RTVSPost2010Prop44ColorIndex
 90
        5
102
RTVSPost2010Prop44ColorRGB
 90
      255
102
RTVSPost2010PropOp44
 70
     1
102
RTVSPost2010Prop45
280
     0
102
RTVSPost2010PropOp45
 70
     1
102
RTVSPost2010Prop46
 90
       50
102
RTVSPost2010PropOp46
 70
     1
102
RTVSPost2010Prop47
 90
       50
102
RTVSPost2010PropOp47
 70
     1
102
RTVSPost2010Prop48
 90
       50
102
RTVSPost2010PropOp48
 70
     1
102
RTVSPost2010Prop49
280
     0
102
RTVSPost2010PropOp49
 70
     1
102
RTVSPost2010Prop50
 90
       50
102
RTVSPost2010PropOp50
 70
     1
102
RTVSPost2010Prop51ColorIndex
 90
      256
102
RTVSPost2010Prop51ColorRGB
 90
-16777216
102
RTVSPost2010PropOp51
 70
     0
102
RTVSPost2010Prop52
140
1.0
102
RTVSPost2010PropOp52
 70
     0
102
RTVSPost2010Prop53
 90
        2
102
RTVSPost2010PropOp53
 70
     1
102
RTVSPost2010Prop54
  1
strokes_ogs.tif
102
RTVSPost2010PropOp54
 70
     1
102
RTVSPost2010Prop55
280
     0
102
RTVSPost2010PropOp55
 70
     1
102
RTVSPost2010Prop56
140
1.0
102
RTVSPost2010PropOp56
 70
     1
102
RTVSPost2010Prop57
140
1.0
102
RTVSPost2010PropOp57
 70
     1
  0
XRECORD
  5
7F3
102
{ACAD_REACTORS
330
7F2
102
}
330
7F2
100
AcDbXrecord
280
     1
102
RTVSPropertyOp0
 70
     1
102
RTVSPropertyOp1
 70
     1
102
RTVSPropertyOp2
 70
     1
102
RTVSPropertyOp3
 70
     1
102
RTVSPropertyOp4
 70
     1
102
RTVSPropertyOp5
 70
     1
102
RTVSPropertyOp6
 70
     1
102
RTVSPropertyOp7
 70
     1
102
RTVSPropertyOp8
 70
     1
102
RTVSPropertyOp9
 70
     1
102
RTVSPropertyOp10
 70
     1
102
RTVSPropertyOp11
 70
     1
102
RTVSPropertyOp12
 70
     1
102
RTVSPropertyOp13
 70
     1
102
RTVSPropertyOp14
 70
     1
102
RTVSPropertyOp15
 70
     1
102
RTVSPropertyOp16
 70
     1
102
RTVSPropertyOp17
 70
     1
102
RTVSPropertyOp18
 70
     1
102
RTVSPropertyOp19
 70
     1
102
RTVSPropertyOp20
 70
     1
102
RTVSPropertyOp21
 70
     1
102
RTVSPropertyOp22
 70
     1
102
RTVSPropertyOp23
 70
     1
102
RTVSPropertyOp24
 70
     1
102
RTVSPropertyOp25
 70
     1
102
RTVSPropertyOp26
 70
     1
102
RTVSPropertyOp27
 70
     1
102
RTVSPropertyOp28
 70
     1
102
RTVSPropertyOp29
 70
     1
102
RTVSPropertyOp30
 70
     1
102
RTVSPropertyOp31
 70
     1
102
RTVSPropertyOp32
 70
     1
102
RTVSPropertyOp33
 70
     1
102
RTVSPropertyOp34
 70
     1
102
RTVSPropertyOp35
 70
     1
102
RTVSPropertyOp36
 70
     1
102
RTVSPropertyOp37
 70
     1
102
RTVSPropertyOp38
 70
     1
102
RTVSPropertyOp39
 70
     1
102
RTVSPropertyOp40
 70
     1
102
RTVSPropertyOp41
 70
     1
102
RTVSPropertyOp42
 70
     1
102
RTVSPropertyOp43
 70
     1
102
RTVSPropertyOp44
 70
     1
102
RTVSPropertyOp45
 70
     1
102
RTVSPropertyOp46
 70
     1
102
RTVSPropertyOp47
 70
     1
102
RTVSPropertyOp48
 70
     1
102
RTVSPropertyOp49
 70
     1
102
RTVSPropertyOp50
 70
     1
102
RTVSPropertyOp51
 70
     0
102
RTVSPropertyOp52
 70
     0
102
RTVSPropertyOp53
 70
     1
102
RTVSPropertyOp54
 70
     1
102
RTVSPropertyOp55
 70
     1
102
RTVSPropertyOp56
 70
     1
102
RTVSPropertyOp57
 70
     1
102
RTVSPost2010Prop28
280
     0
102
RTVSPost2010PropOp28
 70
     1
102
RTVSPost2010Prop29
280
     1
102
RTVSPost2010PropOp29
 70
     1
102
RTVSPost2010Prop30
280
     1
102
RTVSPost2010PropOp30
 70
     1
102
RTVSPost2010Prop31
280
     0
102
RTVSPost2010PropOp31
 70
     1
102
RTVSPost2010Prop32
280
     0
102
RTVSPost2010PropOp32
 70
     1
102
RTVSPost2010Prop33
280
     0
102
RTVSPost2010PropOp33
 70
     1
102
RTVSPost2010Prop34
280
     0
102
RTVSPost2010PropOp34
 70
     1
102
RTVSPost2010Prop35
280
     0
102
RTVSPost2010PropOp35
 70
     1
102
RTVSPost2010Prop36
280
     0
102
RTVSPost2010PropOp36
 70
     1
102
RTVSPost2010Prop37
 90
       50
102
RTVSPost2010PropOp37
 70
     1
102
RTVSPost2010Prop38
140
0.0
102
RTVSPost2010PropOp38
 70
     1
102
RTVSPost2010Prop39
140
1.0
102
RTVSPost2010PropOp39
 70
     1
102
RTVSPost2010Prop40
 90
        0
102
RTVSPost2010PropOp40
 70
     1
102
RTVSPost2010Prop41ColorIndex
 90
       18
102
RTVSPost2010Prop41ColorRGB
 90
        0
102
RTVSPost2010PropOp41
 70
     1
102
RTVSPost2010Prop42
 90
       50
102
RTVSPost2010PropOp42
 70
     1
102
RTVSPost2010Prop43
 90
        3
102
RTVSPost2010PropOp43
 70
     1
102
RTVSPost2010Prop44ColorIndex
 90
        5
102
RTVSPost2010Prop44ColorRGB
 90
      255
102
RTVSPost2010PropOp44
 70
     1
102
RTVSPost2010Prop45
280
     0
102
RTVSPost2010PropOp45
 70
     1
102
RTVSPost2010Prop46
 90
       50
102
RTVSPost2010PropOp46
 70
     1
102
RTVSPost2010Prop47
 90
       50
102
RTVSPost2010PropOp47
 70
     1
102
RTVSPost2010Prop48
 90
       50
102
RTVSPost2010PropOp48
 70
     1
102
RTVSPost2010Prop49
280
     0
102
RTVSPost2010PropOp49
 70
     1
102
RTVSPost2010Prop50
 90
       50
102
RTVSPost2010PropOp50
 70
     1
102
RTVSPost2010Prop51ColorIndex
 90
      256
102
RTVSPost2010Prop51ColorRGB
 90
-16777216
102
RTVSPost2010PropOp51
 70
     0
102
RTVSPost2010Prop52
140
1.0
102
RTVSPost2010PropOp52
 70
     0
102
RTVSPost2010Prop53
 90
        2
102
RTVSPost2010PropOp53
 70
     1
102
RTVSPost2010Prop54
  1
strokes_ogs.tif
102
RTVSPost2010PropOp54
 70
     1
102
RTVSPost2010Prop55
280
     0
102
RTVSPost2010PropOp55
 70
     1
102
RTVSPost2010Prop56
140
1.0
102
RTVSPost2010PropOp56
 70
     1
102
RTVSPost2010Prop57
140
1.0
102
RTVSPost2010PropOp57
 70
     1
  0
XRECORD
  5
803
102
{ACAD_REACTORS
330
802
102
}
330
802
100
AcDbXrecord
280
     1
102
RTVSPropertyOp0
 70
     0
102
RTVSPropertyOp1
 70
     0
102
RTVSPropertyOp2
 70
     0
102
RTVSPropertyOp3
 70
     0
102
RTVSPropertyOp4
 70
     0
102
RTVSPropertyOp5
 70
     0
102
RTVSPropertyOp6
 70
     0
102
RTVSPropertyOp7
 70
     0
102
RTVSPropertyOp8
 70
     0
102
RTVSPropertyOp9
 70
     0
102
RTVSPropertyOp10
 70
     0
102
RTVSPropertyOp11
 70
     0
102
RTVSPropertyOp12
 70
     0
102
RTVSPropertyOp13
 70
     0
102
RTVSPropertyOp14
 70
     2
102
RTVSPropertyOp15
 70
     0
102
RTVSPropertyOp16
 70
     0
102
RTVSPropertyOp17
 70
     0
102
RTVSPropertyOp18
 70
     0
102
RTVSPropertyOp19
 70
     0
102
RTVSPropertyOp20
 70
     0
102
RTVSPropertyOp21
 70
     0
102
RTVSPropertyOp22
 70
     0
102
RTVSPropertyOp23
 70
     0
102
RTVSPropertyOp24
 70
     0
102
RTVSPropertyOp25
 70
     0
102
RTVSPropertyOp26
 70
     0
102
RTVSPropertyOp27
 70
     0
102
RTVSPropertyOp28
 70
     0
102
RTVSPropertyOp29
 70
     0
102
RTVSPropertyOp30
 70
     0
102
RTVSPropertyOp31
 70
     0
102
RTVSPropertyOp32
 70
     0
102
RTVSPropertyOp33
 70
     0
102
RTVSPropertyOp34
 70
     0
102
RTVSPropertyOp35
 70
     0
102
RTVSPropertyOp36
 70
     0
102
RTVSPropertyOp37
 70
     0
102
RTVSPropertyOp38
 70
     0
102
RTVSPropertyOp39
 70
     0
102
RTVSPropertyOp40
 70
     0
102
RTVSPropertyOp41
 70
     0
102
RTVSPropertyOp42
 70
     0
102
RTVSPropertyOp43
 70
     0
102
RTVSPropertyOp44
 70
     0
102
RTVSPropertyOp45
 70
     0
102
RTVSPropertyOp46
 70
     0
102
RTVSPropertyOp47
 70
     0
102
RTVSPropertyOp48
 70
     0
102
RTVSPropertyOp49
 70
     0
102
RTVSPropertyOp50
 70
     0
102
RTVSPropertyOp51
 70
     0
102
RTVSPropertyOp52
 70
     0
102
RTVSPropertyOp53
 70
     0
102
RTVSPropertyOp54
 70
     0
102
RTVSPropertyOp55
 70
     0
102
RTVSPropertyOp56
 70
     0
102
RTVSPropertyOp57
 70
     0
102
RTVSPost2010Prop28
280
     0
102
RTVSPost2010PropOp28
 70
     0
102
RTVSPost2010Prop29
280
     1
102
RTVSPost2010PropOp29
 70
     0
102
RTVSPost2010Prop30
280
     1
102
RTVSPost2010PropOp30
 70
     0
102
RTVSPost2010Prop31
280
     0
102
RTVSPost2010PropOp31
 70
     0
102
RTVSPost2010Prop32
280
     0
102
RTVSPost2010PropOp32
 70
     0
102
RTVSPost2010Prop33
280
     0
102
RTVSPost2010PropOp33
 70
     0
102
RTVSPost2010Prop34
280
     0
102
RTVSPost2010PropOp34
 70
     0
102
RTVSPost2010Prop35
280
     0
102
RTVSPost2010PropOp35
 70
     0
102
RTVSPost2010Prop36
280
     0
102
RTVSPost2010PropOp36
 70
     0
102
RTVSPost2010Prop37
 90
       50
102
RTVSPost2010PropOp37
 70
     0
102
RTVSPost2010Prop38
140
0.0
102
RTVSPost2010PropOp38
 70
     0
102
RTVSPost2010Prop39
140
1.0
102
RTVSPost2010PropOp39
 70
     0
102
RTVSPost2010Prop40
 90
        0
102
RTVSPost2010PropOp40
 70
     0
102
RTVSPost2010Prop41ColorIndex
 90
       18
102
RTVSPost2010Prop41ColorRGB
 90
        0
102
RTVSPost2010PropOp41
 70
     0
102
RTVSPost2010Prop42
 90
       50
102
RTVSPost2010PropOp42
 70
     0
102
RTVSPost2010Prop43
 90
        3
102
RTVSPost2010PropOp43
 70
     0
102
RTVSPost2010Prop44ColorIndex
 90
        5
102
RTVSPost2010Prop44ColorRGB
 90
      255
102
RTVSPost2010PropOp44
 70
     0
102
RTVSPost2010Prop45
280
     0
102
RTVSPost2010PropOp45
 70
     0
102
RTVSPost2010Prop46
 90
       50
102
RTVSPost2010PropOp46
 70
     0
102
RTVSPost2010Prop47
 90
       50
102
RTVSPost2010PropOp47
 70
     0
102
RTVSPost2010Prop48
 90
       50
102
RTVSPost2010PropOp48
 70
     0
102
RTVSPost2010Prop49
280
     0
102
RTVSPost2010PropOp49
 70
     0
102
RTVSPost2010Prop50
 90
       50
102
RTVSPost2010PropOp50
 70
     0
102
RTVSPost2010Prop51ColorIndex
 90
      256
102
RTVSPost2010Prop51ColorRGB
 90
-16777216
102
RTVSPost2010PropOp51
 70
     0
102
RTVSPost2010Prop52
140
1.0
102
RTVSPost2010PropOp52
 70
     0
102
RTVSPost2010Prop53
 90
        2
102
RTVSPost2010PropOp53
 70
     0
102
RTVSPost2010Prop54
  1
strokes_ogs.tif
102
RTVSPost2010PropOp54
 70
     0
102
RTVSPost2010Prop55
280
     0
102
RTVSPost2010PropOp55
 70
     0
102
RTVSPost2010Prop56
140
1.0
102
RTVSPost2010PropOp56
 70
     0
102
RTVSPost2010Prop57
140
1.0
102
RTVSPost2010PropOp57
 70
     0
  0
XRECORD
  5
7FB
102
{ACAD_REACTORS
330
7FA
102
}
330
7FA
100
AcDbXrecord
280
     1
102
RTVSPropertyOp0
 70
     1
102
RTVSPropertyOp1
 70
     1
102
RTVSPropertyOp2
 70
     1
102
RTVSPropertyOp3
 70
     1
102
RTVSPropertyOp4
 70
     1
102
RTVSPropertyOp5
 70
     1
102
RTVSPropertyOp6
 70
     1
102
RTVSPropertyOp7
 70
     1
102
RTVSPropertyOp8
 70
     1
102
RTVSPropertyOp9
 70
     1
102
RTVSPropertyOp10
 70
     1
102
RTVSPropertyOp11
 70
     1
102
RTVSPropertyOp12
 70
     1
102
RTVSPropertyOp13
 70
     1
102
RTVSPropertyOp14
 70
     1
102
RTVSPropertyOp15
 70
     1
102
RTVSPropertyOp16
 70
     1
102
RTVSPropertyOp17
 70
     1
102
RTVSPropertyOp18
 70
     1
102
RTVSPropertyOp19
 70
     1
102
RTVSPropertyOp20
 70
     1
102
RTVSPropertyOp21
 70
     1
102
RTVSPropertyOp22
 70
     1
102
RTVSPropertyOp23
 70
     1
102
RTVSPropertyOp24
 70
     1
102
RTVSPropertyOp25
 70
     1
102
RTVSPropertyOp26
 70
     1
102
RTVSPropertyOp27
 70
     1
102
RTVSPropertyOp28
 70
     1
102
RTVSPropertyOp29
 70
     1
102
RTVSPropertyOp30
 70
     1
102
RTVSPropertyOp31
 70
     1
102
RTVSPropertyOp32
 70
     1
102
RTVSPropertyOp33
 70
     1
102
RTVSPropertyOp34
 70
     1
102
RTVSPropertyOp35
 70
     1
102
RTVSPropertyOp36
 70
     1
102
RTVSPropertyOp37
 70
     1
102
RTVSPropertyOp38
 70
     1
102
RTVSPropertyOp39
 70
     1
102
RTVSPropertyOp40
 70
     1
102
RTVSPropertyOp41
 70
     1
102
RTVSPropertyOp42
 70
     1
102
RTVSPropertyOp43
 70
     1
102
RTVSPropertyOp44
 70
     1
102
RTVSPropertyOp45
 70
     1
102
RTVSPropertyOp46
 70
     1
102
RTVSPropertyOp47
 70
     1
102
RTVSPropertyOp48
 70
     1
102
RTVSPropertyOp49
 70
     1
102
RTVSPropertyOp50
 70
     1
102
RTVSPropertyOp51
 70
     0
102
RTVSPropertyOp52
 70
     0
102
RTVSPropertyOp53
 70
     1
102
RTVSPropertyOp54
 70
     1
102
RTVSPropertyOp55
 70
     1
102
RTVSPropertyOp56
 70
     1
102
RTVSPropertyOp57
 70
     1
102
RTVSPost2010Prop28
280
     0
102
RTVSPost2010PropOp28
 70
     1
102
RTVSPost2010Prop29
280
     1
102
RTVSPost2010PropOp29
 70
     1
102
RTVSPost2010Prop30
280
     1
102
RTVSPost2010PropOp30
 70
     1
102
RTVSPost2010Prop31
280
     0
102
RTVSPost2010PropOp31
 70
     1
102
RTVSPost2010Prop32
280
     0
102
RTVSPost2010PropOp32
 70
     1
102
RTVSPost2010Prop33
280
     0
102
RTVSPost2010PropOp33
 70
     1
102
RTVSPost2010Prop34
280
     0
102
RTVSPost2010PropOp34
 70
     1
102
RTVSPost2010Prop35
280
     0
102
RTVSPost2010PropOp35
 70
     1
102
RTVSPost2010Prop36
280
     0
102
RTVSPost2010PropOp36
 70
     1
102
RTVSPost2010Prop37
 90
       50
102
RTVSPost2010PropOp37
 70
     1
102
RTVSPost2010Prop38
140
0.0
102
RTVSPost2010PropOp38
 70
     1
102
RTVSPost2010Prop39
140
1.0
102
RTVSPost2010PropOp39
 70
     1
102
RTVSPost2010Prop40
 90
        0
102
RTVSPost2010PropOp40
 70
     1
102
RTVSPost2010Prop41ColorIndex
 90
       18
102
RTVSPost2010Prop41ColorRGB
 90
        0
102
RTVSPost2010PropOp41
 70
     1
102
RTVSPost2010Prop42
 90
       50
102
RTVSPost2010PropOp42
 70
     1
102
RTVSPost2010Prop43
 90
        3
102
RTVSPost2010PropOp43
 70
     1
102
RTVSPost2010Prop44ColorIndex
 90
        5
102
RTVSPost2010Prop44ColorRGB
 90
      255
102
RTVSPost2010PropOp44
 70
     1
102
RTVSPost2010Prop45
280
     0
102
RTVSPost2010PropOp45
 70
     1
102
RTVSPost2010Prop46
 90
       50
102
RTVSPost2010PropOp46
 70
     1
102
RTVSPost2010Prop47
 90
       50
102
RTVSPost2010PropOp47
 70
     1
102
RTVSPost2010Prop48
 90
       50
102
RTVSPost2010PropOp48
 70
     1
102
RTVSPost2010Prop49
280
     0
102
RTVSPost2010PropOp49
 70
     1
102
RTVSPost2010Prop50
 90
       50
102
RTVSPost2010PropOp50
 70
     1
102
RTVSPost2010Prop51ColorIndex
 90
      256
102
RTVSPost2010Prop51ColorRGB
 90
-16777216
102
RTVSPost2010PropOp51
 70
     0
102
RTVSPost2010Prop52
140
1.0
102
RTVSPost2010PropOp52
 70
     0
102
RTVSPost2010Prop53
 90
        2
102
RTVSPost2010PropOp53
 70
     1
102
RTVSPost2010Prop54
  1
strokes_ogs.tif
102
RTVSPost2010PropOp54
 70
     1
102
RTVSPost2010Prop55
280
     0
102
RTVSPost2010PropOp55
 70
     1
102
RTVSPost2010Prop56
140
1.0
102
RTVSPost2010PropOp56
 70
     1
102
RTVSPost2010Prop57
140
1.0
102
RTVSPost2010PropOp57
 70
     1
  0
XRECORD
  5
7DF
102
{ACAD_REACTORS
330
7DE
102
}
330
7DE
100
AcDbXrecord
280
     1
102
RTVSPropertyOp0
 70
     1
102
RTVSPropertyOp1
 70
     1
102
RTVSPropertyOp2
 70
     1
102
RTVSPropertyOp3
 70
     1
102
RTVSPropertyOp4
 70
     1
102
RTVSPropertyOp5
 70
     1
102
RTVSPropertyOp6
 70
     1
102
RTVSPropertyOp7
 70
     1
102
RTVSPropertyOp8
 70
     1
102
RTVSPropertyOp9
 70
     1
102
RTVSPropertyOp10
 70
     1
102
RTVSPropertyOp11
 70
     1
102
RTVSPropertyOp12
 70
     1
102
RTVSPropertyOp13
 70
     1
102
RTVSPropertyOp14
 70
     1
102
RTVSPropertyOp15
 70
     1
102
RTVSPropertyOp16
 70
     1
102
RTVSPropertyOp17
 70
     1
102
RTVSPropertyOp18
 70
     1
102
RTVSPropertyOp19
 70
     1
102
RTVSPropertyOp20
 70
     1
102
RTVSPropertyOp21
 70
     1
102
RTVSPropertyOp22
 70
     1
102
RTVSPropertyOp23
 70
     1
102
RTVSPropertyOp24
 70
     1
102
RTVSPropertyOp25
 70
     1
102
RTVSPropertyOp26
 70
     1
102
RTVSPropertyOp27
 70
     1
102
RTVSPropertyOp28
 70
     1
102
RTVSPropertyOp29
 70
     1
102
RTVSPropertyOp30
 70
     1
102
RTVSPropertyOp31
 70
     1
102
RTVSPropertyOp32
 70
     1
102
RTVSPropertyOp33
 70
     1
102
RTVSPropertyOp34
 70
     1
102
RTVSPropertyOp35
 70
     1
102
RTVSPropertyOp36
 70
     1
102
RTVSPropertyOp37
 70
     1
102
RTVSPropertyOp38
 70
     1
102
RTVSPropertyOp39
 70
     1
102
RTVSPropertyOp40
 70
     1
102
RTVSPropertyOp41
 70
     1
102
RTVSPropertyOp42
 70
     1
102
RTVSPropertyOp43
 70
     1
102
RTVSPropertyOp44
 70
     1
102
RTVSPropertyOp45
 70
     1
102
RTVSPropertyOp46
 70
     1
102
RTVSPropertyOp47
 70
     1
102
RTVSPropertyOp48
 70
     1
102
RTVSPropertyOp49
 70
     1
102
RTVSPropertyOp50
 70
     1
102
RTVSPropertyOp51
 70
     0
102
RTVSPropertyOp52
 70
     0
102
RTVSPropertyOp53
 70
     1
102
RTVSPropertyOp54
 70
     1
102
RTVSPropertyOp55
 70
     1
102
RTVSPropertyOp56
 70
     1
102
RTVSPropertyOp57
 70
     1
102
RTVSPost2010Prop28
280
     0
102
RTVSPost2010PropOp28
 70
     1
102
RTVSPost2010Prop29
280
     1
102
RTVSPost2010PropOp29
 70
     1
102
RTVSPost2010Prop30
280
     1
102
RTVSPost2010PropOp30
 70
     1
102
RTVSPost2010Prop31
280
     0
102
RTVSPost2010PropOp31
 70
     1
102
RTVSPost2010Prop32
280
     0
102
RTVSPost2010PropOp32
 70
     1
102
RTVSPost2010Prop33
280
     0
102
RTVSPost2010PropOp33
 70
     1
102
RTVSPost2010Prop34
280
     0
102
RTVSPost2010PropOp34
 70
     1
102
RTVSPost2010Prop35
280
     0
102
RTVSPost2010PropOp35
 70
     1
102
RTVSPost2010Prop36
280
     0
102
RTVSPost2010PropOp36
 70
     1
102
RTVSPost2010Prop37
 90
       50
102
RTVSPost2010PropOp37
 70
     1
102
RTVSPost2010Prop38
140
0.0
102
RTVSPost2010PropOp38
 70
     1
102
RTVSPost2010Prop39
140
1.0
102
RTVSPost2010PropOp39
 70
     1
102
RTVSPost2010Prop40
 90
        0
102
RTVSPost2010PropOp40
 70
     1
102
RTVSPost2010Prop41ColorIndex
 90
       18
102
RTVSPost2010Prop41ColorRGB
 90
        0
102
RTVSPost2010PropOp41
 70
     1
102
RTVSPost2010Prop42
 90
       50
102
RTVSPost2010PropOp42
 70
     1
102
RTVSPost2010Prop43
 90
        3
102
RTVSPost2010PropOp43
 70
     1
102
RTVSPost2010Prop44ColorIndex
 90
        5
102
RTVSPost2010Prop44ColorRGB
 90
      255
102
RTVSPost2010PropOp44
 70
     1
102
RTVSPost2010Prop45
280
     0
102
RTVSPost2010PropOp45
 70
     1
102
RTVSPost2010Prop46
 90
       50
102
RTVSPost2010PropOp46
 70
     1
102
RTVSPost2010Prop47
 90
       50
102
RTVSPost2010PropOp47
 70
     1
102
RTVSPost2010Prop48
 90
       50
102
RTVSPost2010PropOp48
 70
     1
102
RTVSPost2010Prop49
280
     0
102
RTVSPost2010PropOp49
 70
     1
102
RTVSPost2010Prop50
 90
       50
102
RTVSPost2010PropOp50
 70
     1
102
RTVSPost2010Prop51ColorIndex
 90
      256
102
RTVSPost2010Prop51ColorRGB
 90
-16777216
102
RTVSPost2010PropOp51
 70
     0
102
RTVSPost2010Prop52
140
1.0
102
RTVSPost2010PropOp52
 70
     0
102
RTVSPost2010Prop53
 90
        2
102
RTVSPost2010PropOp53
 70
     1
102
RTVSPost2010Prop54
  1
strokes_ogs.tif
102
RTVSPost2010PropOp54
 70
     1
102
RTVSPost2010Prop55
280
     0
102
RTVSPost2010PropOp55
 70
     1
102
RTVSPost2010Prop56
140
1.0
102
RTVSPost2010PropOp56
 70
     1
102
RTVSPost2010Prop57
140
1.0
102
RTVSPost2010PropOp57
 70
     1
  0
XRECORD
  5
7E1
102
{ACAD_REACTORS
330
7E0
102
}
330
7E0
100
AcDbXrecord
280
     1
102
RTVSPropertyOp0
 70
     1
102
RTVSPropertyOp1
 70
     1
102
RTVSPropertyOp2
 70
     1
102
RTVSPropertyOp3
 70
     1
102
RTVSPropertyOp4
 70
     1
102
RTVSPropertyOp5
 70
     1
102
RTVSPropertyOp6
 70
     1
102
RTVSPropertyOp7
 70
     1
102
RTVSPropertyOp8
 70
     1
102
RTVSPropertyOp9
 70
     1
102
RTVSPropertyOp10
 70
     1
102
RTVSPropertyOp11
 70
     1
102
RTVSPropertyOp12
 70
     1
102
RTVSPropertyOp13
 70
     1
102
RTVSPropertyOp14
 70
     1
102
RTVSPropertyOp15
 70
     1
102
RTVSPropertyOp16
 70
     1
102
RTVSPropertyOp17
 70
     1
102
RTVSPropertyOp18
 70
     1
102
RTVSPropertyOp19
 70
     1
102
RTVSPropertyOp20
 70
     1
102
RTVSPropertyOp21
 70
     1
102
RTVSPropertyOp22
 70
     1
102
RTVSPropertyOp23
 70
     1
102
RTVSPropertyOp24
 70
     1
102
RTVSPropertyOp25
 70
     1
102
RTVSPropertyOp26
 70
     1
102
RTVSPropertyOp27
 70
     1
102
RTVSPropertyOp28
 70
     1
102
RTVSPropertyOp29
 70
     1
102
RTVSPropertyOp30
 70
     1
102
RTVSPropertyOp31
 70
     1
102
RTVSPropertyOp32
 70
     1
102
RTVSPropertyOp33
 70
     1
102
RTVSPropertyOp34
 70
     1
102
RTVSPropertyOp35
 70
     1
102
RTVSPropertyOp36
 70
     1
102
RTVSPropertyOp37
 70
     1
102
RTVSPropertyOp38
 70
     1
102
RTVSPropertyOp39
 70
     1
102
RTVSPropertyOp40
 70
     1
102
RTVSPropertyOp41
 70
     1
102
RTVSPropertyOp42
 70
     1
102
RTVSPropertyOp43
 70
     1
102
RTVSPropertyOp44
 70
     1
102
RTVSPropertyOp45
 70
     1
102
RTVSPropertyOp46
 70
     1
102
RTVSPropertyOp47
 70
     1
102
RTVSPropertyOp48
 70
     1
102
RTVSPropertyOp49
 70
     1
102
RTVSPropertyOp50
 70
     1
102
RTVSPropertyOp51
 70
     0
102
RTVSPropertyOp52
 70
     0
102
RTVSPropertyOp53
 70
     1
102
RTVSPropertyOp54
 70
     1
102
RTVSPropertyOp55
 70
     1
102
RTVSPropertyOp56
 70
     1
102
RTVSPropertyOp57
 70
     1
102
RTVSPost2010Prop28
280
     0
102
RTVSPost2010PropOp28
 70
     1
102
RTVSPost2010Prop29
280
     1
102
RTVSPost2010PropOp29
 70
     1
102
RTVSPost2010Prop30
280
     1
102
RTVSPost2010PropOp30
 70
     1
102
RTVSPost2010Prop31
280
     0
102
RTVSPost2010PropOp31
 70
     1
102
RTVSPost2010Prop32
280
     0
102
RTVSPost2010PropOp32
 70
     1
102
RTVSPost2010Prop33
280
     0
102
RTVSPost2010PropOp33
 70
     1
102
RTVSPost2010Prop34
280
     0
102
RTVSPost2010PropOp34
 70
     1
102
RTVSPost2010Prop35
280
     0
102
RTVSPost2010PropOp35
 70
     1
102
RTVSPost2010Prop36
280
     0
102
RTVSPost2010PropOp36
 70
     1
102
RTVSPost2010Prop37
 90
       50
102
RTVSPost2010PropOp37
 70
     1
102
RTVSPost2010Prop38
140
0.0
102
RTVSPost2010PropOp38
 70
     1
102
RTVSPost2010Prop39
140
1.0
102
RTVSPost2010PropOp39
 70
     1
102
RTVSPost2010Prop40
 90
        0
102
RTVSPost2010PropOp40
 70
     1
102
RTVSPost2010Prop41ColorIndex
 90
       18
102
RTVSPost2010Prop41ColorRGB
 90
        0
102
RTVSPost2010PropOp41
 70
     1
102
RTVSPost2010Prop42
 90
       50
102
RTVSPost2010PropOp42
 70
     1
102
RTVSPost2010Prop43
 90
        3
102
RTVSPost2010PropOp43
 70
     1
102
RTVSPost2010Prop44ColorIndex
 90
        5
102
RTVSPost2010Prop44ColorRGB
 90
      255
102
RTVSPost2010PropOp44
 70
     1
102
RTVSPost2010Prop45
280
     0
102
RTVSPost2010PropOp45
 70
     1
102
RTVSPost2010Prop46
 90
       50
102
RTVSPost2010PropOp46
 70
     1
102
RTVSPost2010Prop47
 90
       50
102
RTVSPost2010PropOp47
 70
     1
102
RTVSPost2010Prop48
 90
       50
102
RTVSPost2010PropOp48
 70
     1
102
RTVSPost2010Prop49
280
     0
102
RTVSPost2010PropOp49
 70
     1
102
RTVSPost2010Prop50
 90
       50
102
RTVSPost2010PropOp50
 70
     1
102
RTVSPost2010Prop51ColorIndex
 90
      256
102
RTVSPost2010Prop51ColorRGB
 90
-16777216
102
RTVSPost2010PropOp51
 70
     0
102
RTVSPost2010Prop52
140
1.0
102
RTVSPost2010PropOp52
 70
     0
102
RTVSPost2010Prop53
 90
        2
102
RTVSPost2010PropOp53
 70
     1
102
RTVSPost2010Prop54
  1
strokes_ogs.tif
102
RTVSPost2010PropOp54
 70
     1
102
RTVSPost2010Prop55
280
     0
102
RTVSPost2010PropOp55
 70
     1
102
RTVSPost2010Prop56
140
1.0
102
RTVSPost2010PropOp56
 70
     1
102
RTVSPost2010Prop57
140
1.0
102
RTVSPost2010PropOp57
 70
     1
  0
XRECORD
  5
7E3
102
{ACAD_REACTORS
330
7E2
102
}
330
7E2
100
AcDbXrecord
280
     1
102
RTVSPropertyOp0
 70
     1
102
RTVSPropertyOp1
 70
     1
102
RTVSPropertyOp2
 70
     1
102
RTVSPropertyOp3
 70
     1
102
RTVSPropertyOp4
 70
     1
102
RTVSPropertyOp5
 70
     1
102
RTVSPropertyOp6
 70
     1
102
RTVSPropertyOp7
 70
     1
102
RTVSPropertyOp8
 70
     1
102
RTVSPropertyOp9
 70
     1
102
RTVSPropertyOp10
 70
     1
102
RTVSPropertyOp11
 70
     1
102
RTVSPropertyOp12
 70
     1
102
RTVSPropertyOp13
 70
     1
102
RTVSPropertyOp14
 70
     1
102
RTVSPropertyOp15
 70
     1
102
RTVSPropertyOp16
 70
     1
102
RTVSPropertyOp17
 70
     1
102
RTVSPropertyOp18
 70
     1
102
RTVSPropertyOp19
 70
     1
102
RTVSPropertyOp20
 70
     1
102
RTVSPropertyOp21
 70
     1
102
RTVSPropertyOp22
 70
     1
102
RTVSPropertyOp23
 70
     1
102
RTVSPropertyOp24
 70
     1
102
RTVSPropertyOp25
 70
     1
102
RTVSPropertyOp26
 70
     1
102
RTVSPropertyOp27
 70
     1
102
RTVSPropertyOp28
 70
     1
102
RTVSPropertyOp29
 70
     1
102
RTVSPropertyOp30
 70
     1
102
RTVSPropertyOp31
 70
     1
102
RTVSPropertyOp32
 70
     1
102
RTVSPropertyOp33
 70
     1
102
RTVSPropertyOp34
 70
     1
102
RTVSPropertyOp35
 70
     1
102
RTVSPropertyOp36
 70
     1
102
RTVSPropertyOp37
 70
     1
102
RTVSPropertyOp38
 70
     1
102
RTVSPropertyOp39
 70
     1
102
RTVSPropertyOp40
 70
     1
102
RTVSPropertyOp41
 70
     1
102
RTVSPropertyOp42
 70
     1
102
RTVSPropertyOp43
 70
     1
102
RTVSPropertyOp44
 70
     1
102
RTVSPropertyOp45
 70
     1
102
RTVSPropertyOp46
 70
     1
102
RTVSPropertyOp47
 70
     1
102
RTVSPropertyOp48
 70
     1
102
RTVSPropertyOp49
 70
     1
102
RTVSPropertyOp50
 70
     1
102
RTVSPropertyOp51
 70
     0
102
RTVSPropertyOp52
 70
     0
102
RTVSPropertyOp53
 70
     1
102
RTVSPropertyOp54
 70
     1
102
RTVSPropertyOp55
 70
     1
102
RTVSPropertyOp56
 70
     1
102
RTVSPropertyOp57
 70
     1
102
RTVSPost2010Prop28
280
     0
102
RTVSPost2010PropOp28
 70
     1
102
RTVSPost2010Prop29
280
     1
102
RTVSPost2010PropOp29
 70
     1
102
RTVSPost2010Prop30
280
     1
102
RTVSPost2010PropOp30
 70
     1
102
RTVSPost2010Prop31
280
     0
102
RTVSPost2010PropOp31
 70
     1
102
RTVSPost2010Prop32
280
     0
102
RTVSPost2010PropOp32
 70
     1
102
RTVSPost2010Prop33
280
     0
102
RTVSPost2010PropOp33
 70
     1
102
RTVSPost2010Prop34
280
     0
102
RTVSPost2010PropOp34
 70
     1
102
RTVSPost2010Prop35
280
     0
102
RTVSPost2010PropOp35
 70
     1
102
RTVSPost2010Prop36
280
     0
102
RTVSPost2010PropOp36
 70
     1
102
RTVSPost2010Prop37
 90
       50
102
RTVSPost2010PropOp37
 70
     1
102
RTVSPost2010Prop38
140
0.0
102
RTVSPost2010PropOp38
 70
     1
102
RTVSPost2010Prop39
140
1.0
102
RTVSPost2010PropOp39
 70
     1
102
RTVSPost2010Prop40
 90
        0
102
RTVSPost2010PropOp40
 70
     1
102
RTVSPost2010Prop41ColorIndex
 90
       18
102
RTVSPost2010Prop41ColorRGB
 90
        0
102
RTVSPost2010PropOp41
 70
     1
102
RTVSPost2010Prop42
 90
       50
102
RTVSPost2010PropOp42
 70
     1
102
RTVSPost2010Prop43
 90
        3
102
RTVSPost2010PropOp43
 70
     1
102
RTVSPost2010Prop44ColorIndex
 90
        5
102
RTVSPost2010Prop44ColorRGB
 90
      255
102
RTVSPost2010PropOp44
 70
     1
102
RTVSPost2010Prop45
280
     0
102
RTVSPost2010PropOp45
 70
     1
102
RTVSPost2010Prop46
 90
       50
102
RTVSPost2010PropOp46
 70
     1
102
RTVSPost2010Prop47
 90
       50
102
RTVSPost2010PropOp47
 70
     1
102
RTVSPost2010Prop48
 90
       50
102
RTVSPost2010PropOp48
 70
     1
102
RTVSPost2010Prop49
280
     0
102
RTVSPost2010PropOp49
 70
     1
102
RTVSPost2010Prop50
 90
       50
102
RTVSPost2010PropOp50
 70
     1
102
RTVSPost2010Prop51ColorIndex
 90
      256
102
RTVSPost2010Prop51ColorRGB
 90
-16777216
102
RTVSPost2010PropOp51
 70
     0
102
RTVSPost2010Prop52
140
1.0
102
RTVSPost2010PropOp52
 70
     0
102
RTVSPost2010Prop53
 90
        2
102
RTVSPost2010PropOp53
 70
     1
102
RTVSPost2010Prop54
  1
strokes_ogs.tif
102
RTVSPost2010PropOp54
 70
     1
102
RTVSPost2010Prop55
280
     0
102
RTVSPost2010PropOp55
 70
     1
102
RTVSPost2010Prop56
140
1.0
102
RTVSPost2010PropOp56
 70
     1
102
RTVSPost2010Prop57
140
1.0
102
RTVSPost2010PropOp57
 70
     1
  0
XRECORD
  5
7E5
102
{ACAD_REACTORS
330
7E4
102
}
330
7E4
100
AcDbXrecord
280
     1
102
RTVSPropertyOp0
 70
     1
102
RTVSPropertyOp1
 70
     1
102
RTVSPropertyOp2
 70
     1
102
RTVSPropertyOp3
 70
     1
102
RTVSPropertyOp4
 70
     1
102
RTVSPropertyOp5
 70
     1
102
RTVSPropertyOp6
 70
     1
102
RTVSPropertyOp7
 70
     1
102
RTVSPropertyOp8
 70
     1
102
RTVSPropertyOp9
 70
     1
102
RTVSPropertyOp10
 70
     1
102
RTVSPropertyOp11
 70
     1
102
RTVSPropertyOp12
 70
     1
102
RTVSPropertyOp13
 70
     1
102
RTVSPropertyOp14
 70
     1
102
RTVSPropertyOp15
 70
     1
102
RTVSPropertyOp16
 70
     1
102
RTVSPropertyOp17
 70
     1
102
RTVSPropertyOp18
 70
     1
102
RTVSPropertyOp19
 70
     1
102
RTVSPropertyOp20
 70
     1
102
RTVSPropertyOp21
 70
     1
102
RTVSPropertyOp22
 70
     1
102
RTVSPropertyOp23
 70
     1
102
RTVSPropertyOp24
 70
     1
102
RTVSPropertyOp25
 70
     1
102
RTVSPropertyOp26
 70
     1
102
RTVSPropertyOp27
 70
     1
102
RTVSPropertyOp28
 70
     1
102
RTVSPropertyOp29
 70
     1
102
RTVSPropertyOp30
 70
     1
102
RTVSPropertyOp31
 70
     1
102
RTVSPropertyOp32
 70
     1
102
RTVSPropertyOp33
 70
     1
102
RTVSPropertyOp34
 70
     1
102
RTVSPropertyOp35
 70
     1
102
RTVSPropertyOp36
 70
     1
102
RTVSPropertyOp37
 70
     1
102
RTVSPropertyOp38
 70
     1
102
RTVSPropertyOp39
 70
     1
102
RTVSPropertyOp40
 70
     1
102
RTVSPropertyOp41
 70
     1
102
RTVSPropertyOp42
 70
     1
102
RTVSPropertyOp43
 70
     1
102
RTVSPropertyOp44
 70
     1
102
RTVSPropertyOp45
 70
     1
102
RTVSPropertyOp46
 70
     1
102
RTVSPropertyOp47
 70
     1
102
RTVSPropertyOp48
 70
     1
102
RTVSPropertyOp49
 70
     1
102
RTVSPropertyOp50
 70
     1
102
RTVSPropertyOp51
 70
     0
102
RTVSPropertyOp52
 70
     0
102
RTVSPropertyOp53
 70
     1
102
RTVSPropertyOp54
 70
     1
102
RTVSPropertyOp55
 70
     1
102
RTVSPropertyOp56
 70
     1
102
RTVSPropertyOp57
 70
     1
102
RTVSPost2010Prop28
280
     0
102
RTVSPost2010PropOp28
 70
     1
102
RTVSPost2010Prop29
280
     1
102
RTVSPost2010PropOp29
 70
     1
102
RTVSPost2010Prop30
280
     1
102
RTVSPost2010PropOp30
 70
     1
102
RTVSPost2010Prop31
280
     0
102
RTVSPost2010PropOp31
 70
     1
102
RTVSPost2010Prop32
280
     0
102
RTVSPost2010PropOp32
 70
     1
102
RTVSPost2010Prop33
280
     0
102
RTVSPost2010PropOp33
 70
     1
102
RTVSPost2010Prop34
280
     0
102
RTVSPost2010PropOp34
 70
     1
102
RTVSPost2010Prop35
280
     0
102
RTVSPost2010PropOp35
 70
     1
102
RTVSPost2010Prop36
280
     0
102
RTVSPost2010PropOp36
 70
     1
102
RTVSPost2010Prop37
 90
       50
102
RTVSPost2010PropOp37
 70
     1
102
RTVSPost2010Prop38
140
0.0
102
RTVSPost2010PropOp38
 70
     1
102
RTVSPost2010Prop39
140
1.0
102
RTVSPost2010PropOp39
 70
     1
102
RTVSPost2010Prop40
 90
        0
102
RTVSPost2010PropOp40
 70
     1
102
RTVSPost2010Prop41ColorIndex
 90
       18
102
RTVSPost2010Prop41ColorRGB
 90
        0
102
RTVSPost2010PropOp41
 70
     1
102
RTVSPost2010Prop42
 90
       50
102
RTVSPost2010PropOp42
 70
     1
102
RTVSPost2010Prop43
 90
        3
102
RTVSPost2010PropOp43
 70
     1
102
RTVSPost2010Prop44ColorIndex
 90
        5
102
RTVSPost2010Prop44ColorRGB
 90
      255
102
RTVSPost2010PropOp44
 70
     1
102
RTVSPost2010Prop45
280
     0
102
RTVSPost2010PropOp45
 70
     1
102
RTVSPost2010Prop46
 90
       50
102
RTVSPost2010PropOp46
 70
     1
102
RTVSPost2010Prop47
 90
       50
102
RTVSPost2010PropOp47
 70
     1
102
RTVSPost2010Prop48
 90
       50
102
RTVSPost2010PropOp48
 70
     1
102
RTVSPost2010Prop49
280
     0
102
RTVSPost2010PropOp49
 70
     1
102
RTVSPost2010Prop50
 90
       50
102
RTVSPost2010PropOp50
 70
     1
102
RTVSPost2010Prop51ColorIndex
 90
      256
102
RTVSPost2010Prop51ColorRGB
 90
-16777216
102
RTVSPost2010PropOp51
 70
     0
102
RTVSPost2010Prop52
140
1.0
102
RTVSPost2010PropOp52
 70
     0
102
RTVSPost2010Prop53
 90
        2
102
RTVSPost2010PropOp53
 70
     1
102
RTVSPost2010Prop54
  1
strokes_ogs.tif
102
RTVSPost2010PropOp54
 70
     1
102
RTVSPost2010Prop55
280
     0
102
RTVSPost2010PropOp55
 70
     1
102
RTVSPost2010Prop56
140
1.0
102
RTVSPost2010PropOp56
 70
     1
102
RTVSPost2010Prop57
140
1.0
102
RTVSPost2010PropOp57
 70
     1
  0
XRECORD
  5
7EB
102
{ACAD_REACTORS
330
7EA
102
}
330
7EA
100
AcDbXrecord
280
     1
102
RTVSPropertyOp0
 70
     1
102
RTVSPropertyOp1
 70
     1
102
RTVSPropertyOp2
 70
     1
102
RTVSPropertyOp3
 70
     1
102
RTVSPropertyOp4
 70
     1
102
RTVSPropertyOp5
 70
     1
102
RTVSPropertyOp6
 70
     1
102
RTVSPropertyOp7
 70
     1
102
RTVSPropertyOp8
 70
     1
102
RTVSPropertyOp9
 70
     1
102
RTVSPropertyOp10
 70
     1
102
RTVSPropertyOp11
 70
     1
102
RTVSPropertyOp12
 70
     1
102
RTVSPropertyOp13
 70
     1
102
RTVSPropertyOp14
 70
     1
102
RTVSPropertyOp15
 70
     1
102
RTVSPropertyOp16
 70
     1
102
RTVSPropertyOp17
 70
     1
102
RTVSPropertyOp18
 70
     1
102
RTVSPropertyOp19
 70
     1
102
RTVSPropertyOp20
 70
     1
102
RTVSPropertyOp21
 70
     1
102
RTVSPropertyOp22
 70
     1
102
RTVSPropertyOp23
 70
     1
102
RTVSPropertyOp24
 70
     1
102
RTVSPropertyOp25
 70
     1
102
RTVSPropertyOp26
 70
     1
102
RTVSPropertyOp27
 70
     1
102
RTVSPropertyOp28
 70
     1
102
RTVSPropertyOp29
 70
     1
102
RTVSPropertyOp30
 70
     1
102
RTVSPropertyOp31
 70
     1
102
RTVSPropertyOp32
 70
     1
102
RTVSPropertyOp33
 70
     1
102
RTVSPropertyOp34
 70
     1
102
RTVSPropertyOp35
 70
     1
102
RTVSPropertyOp36
 70
     1
102
RTVSPropertyOp37
 70
     1
102
RTVSPropertyOp38
 70
     1
102
RTVSPropertyOp39
 70
     1
102
RTVSPropertyOp40
 70
     1
102
RTVSPropertyOp41
 70
     1
102
RTVSPropertyOp42
 70
     1
102
RTVSPropertyOp43
 70
     1
102
RTVSPropertyOp44
 70
     1
102
RTVSPropertyOp45
 70
     1
102
RTVSPropertyOp46
 70
     1
102
RTVSPropertyOp47
 70
     1
102
RTVSPropertyOp48
 70
     1
102
RTVSPropertyOp49
 70
     1
102
RTVSPropertyOp50
 70
     1
102
RTVSPropertyOp51
 70
     0
102
RTVSPropertyOp52
 70
     0
102
RTVSPropertyOp53
 70
     1
102
RTVSPropertyOp54
 70
     1
102
RTVSPropertyOp55
 70
     1
102
RTVSPropertyOp56
 70
     1
102
RTVSPropertyOp57
 70
     1
102
RTVSPost2010Prop28
280
     0
102
RTVSPost2010PropOp28
 70
     1
102
RTVSPost2010Prop29
280
     1
102
RTVSPost2010PropOp29
 70
     1
102
RTVSPost2010Prop30
280
     1
102
RTVSPost2010PropOp30
 70
     1
102
RTVSPost2010Prop31
280
     0
102
RTVSPost2010PropOp31
 70
     1
102
RTVSPost2010Prop32
280
     0
102
RTVSPost2010PropOp32
 70
     1
102
RTVSPost2010Prop33
280
     0
102
RTVSPost2010PropOp33
 70
     1
102
RTVSPost2010Prop34
280
     0
102
RTVSPost2010PropOp34
 70
     1
102
RTVSPost2010Prop35
280
     0
102
RTVSPost2010PropOp35
 70
     1
102
RTVSPost2010Prop36
280
     0
102
RTVSPost2010PropOp36
 70
     1
102
RTVSPost2010Prop37
 90
       50
102
RTVSPost2010PropOp37
 70
     1
102
RTVSPost2010Prop38
140
0.0
102
RTVSPost2010PropOp38
 70
     1
102
RTVSPost2010Prop39
140
1.0
102
RTVSPost2010PropOp39
 70
     1
102
RTVSPost2010Prop40
 90
        0
102
RTVSPost2010PropOp40
 70
     1
102
RTVSPost2010Prop41ColorIndex
 90
       18
102
RTVSPost2010Prop41ColorRGB
 90
        0
102
RTVSPost2010PropOp41
 70
     1
102
RTVSPost2010Prop42
 90
       50
102
RTVSPost2010PropOp42
 70
     1
102
RTVSPost2010Prop43
 90
        3
102
RTVSPost2010PropOp43
 70
     1
102
RTVSPost2010Prop44ColorIndex
 90
        5
102
RTVSPost2010Prop44ColorRGB
 90
      255
102
RTVSPost2010PropOp44
 70
     1
102
RTVSPost2010Prop45
280
     0
102
RTVSPost2010PropOp45
 70
     1
102
RTVSPost2010Prop46
 90
       50
102
RTVSPost2010PropOp46
 70
     1
102
RTVSPost2010Prop47
 90
       50
102
RTVSPost2010PropOp47
 70
     1
102
RTVSPost2010Prop48
 90
       50
102
RTVSPost2010PropOp48
 70
     1
102
RTVSPost2010Prop49
280
     0
102
RTVSPost2010PropOp49
 70
     1
102
RTVSPost2010Prop50
 90
       50
102
RTVSPost2010PropOp50
 70
     1
102
RTVSPost2010Prop51ColorIndex
 90
      256
102
RTVSPost2010Prop51ColorRGB
 90
-16777216
102
RTVSPost2010PropOp51
 70
     0
102
RTVSPost2010Prop52
140
1.0
102
RTVSPost2010PropOp52
 70
     0
102
RTVSPost2010Prop53
 90
        2
102
RTVSPost2010PropOp53
 70
     1
102
RTVSPost2010Prop54
  1
strokes_ogs.tif
102
RTVSPost2010PropOp54
 70
     1
102
RTVSPost2010Prop55
280
     0
102
RTVSPost2010PropOp55
 70
     1
102
RTVSPost2010Prop56
140
1.0
102
RTVSPost2010PropOp56
 70
     1
102
RTVSPost2010Prop57
140
1.0
102
RTVSPost2010PropOp57
 70
     1
  0
XRECORD
  5
7FF
102
{ACAD_REACTORS
330
7FE
102
}
330
7FE
100
AcDbXrecord
280
     1
102
RTVSPropertyOp0
 70
     0
102
RTVSPropertyOp1
 70
     0
102
RTVSPropertyOp2
 70
     0
102
RTVSPropertyOp3
 70
     0
102
RTVSPropertyOp4
 70
     0
102
RTVSPropertyOp5
 70
     0
102
RTVSPropertyOp6
 70
     0
102
RTVSPropertyOp7
 70
     0
102
RTVSPropertyOp8
 70
     0
102
RTVSPropertyOp9
 70
     0
102
RTVSPropertyOp10
 70
     0
102
RTVSPropertyOp11
 70
     0
102
RTVSPropertyOp12
 70
     0
102
RTVSPropertyOp13
 70
     0
102
RTVSPropertyOp14
 70
     2
102
RTVSPropertyOp15
 70
     0
102
RTVSPropertyOp16
 70
     0
102
RTVSPropertyOp17
 70
     0
102
RTVSPropertyOp18
 70
     0
102
RTVSPropertyOp19
 70
     0
102
RTVSPropertyOp20
 70
     0
102
RTVSPropertyOp21
 70
     0
102
RTVSPropertyOp22
 70
     0
102
RTVSPropertyOp23
 70
     0
102
RTVSPropertyOp24
 70
     0
102
RTVSPropertyOp25
 70
     0
102
RTVSPropertyOp26
 70
     0
102
RTVSPropertyOp27
 70
     0
102
RTVSPropertyOp28
 70
     0
102
RTVSPropertyOp29
 70
     0
102
RTVSPropertyOp30
 70
     0
102
RTVSPropertyOp31
 70
     0
102
RTVSPropertyOp32
 70
     0
102
RTVSPropertyOp33
 70
     0
102
RTVSPropertyOp34
 70
     0
102
RTVSPropertyOp35
 70
     0
102
RTVSPropertyOp36
 70
     0
102
RTVSPropertyOp37
 70
     0
102
RTVSPropertyOp38
 70
     0
102
RTVSPropertyOp39
 70
     0
102
RTVSPropertyOp40
 70
     0
102
RTVSPropertyOp41
 70
     0
102
RTVSPropertyOp42
 70
     0
102
RTVSPropertyOp43
 70
     0
102
RTVSPropertyOp44
 70
     0
102
RTVSPropertyOp45
 70
     0
102
RTVSPropertyOp46
 70
     0
102
RTVSPropertyOp47
 70
     0
102
RTVSPropertyOp48
 70
     0
102
RTVSPropertyOp49
 70
     0
102
RTVSPropertyOp50
 70
     0
102
RTVSPropertyOp51
 70
     0
102
RTVSPropertyOp52
 70
     0
102
RTVSPropertyOp53
 70
     0
102
RTVSPropertyOp54
 70
     0
102
RTVSPropertyOp55
 70
     0
102
RTVSPropertyOp56
 70
     0
102
RTVSPropertyOp57
 70
     0
102
RTVSPost2010Prop28
280
     0
102
RTVSPost2010PropOp28
 70
     0
102
RTVSPost2010Prop29
280
     1
102
RTVSPost2010PropOp29
 70
     0
102
RTVSPost2010Prop30
280
     1
102
RTVSPost2010PropOp30
 70
     0
102
RTVSPost2010Prop31
280
     0
102
RTVSPost2010PropOp31
 70
     0
102
RTVSPost2010Prop32
280
     0
102
RTVSPost2010PropOp32
 70
     0
102
RTVSPost2010Prop33
280
     0
102
RTVSPost2010PropOp33
 70
     0
102
RTVSPost2010Prop34
280
     0
102
RTVSPost2010PropOp34
 70
     0
102
RTVSPost2010Prop35
280
     0
102
RTVSPost2010PropOp35
 70
     0
102
RTVSPost2010Prop36
280
     0
102
RTVSPost2010PropOp36
 70
     0
102
RTVSPost2010Prop37
 90
       50
102
RTVSPost2010PropOp37
 70
     0
102
RTVSPost2010Prop38
140
0.0
102
RTVSPost2010PropOp38
 70
     0
102
RTVSPost2010Prop39
140
1.0
102
RTVSPost2010PropOp39
 70
     0
102
RTVSPost2010Prop40
 90
        0
102
RTVSPost2010PropOp40
 70
     0
102
RTVSPost2010Prop41ColorIndex
 90
       18
102
RTVSPost2010Prop41ColorRGB
 90
        0
102
RTVSPost2010PropOp41
 70
     0
102
RTVSPost2010Prop42
 90
       50
102
RTVSPost2010PropOp42
 70
     0
102
RTVSPost2010Prop43
 90
        3
102
RTVSPost2010PropOp43
 70
     0
102
RTVSPost2010Prop44ColorIndex
 90
        5
102
RTVSPost2010Prop44ColorRGB
 90
      255
102
RTVSPost2010PropOp44
 70
     0
102
RTVSPost2010Prop45
280
     0
102
RTVSPost2010PropOp45
 70
     0
102
RTVSPost2010Prop46
 90
       50
102
RTVSPost2010PropOp46
 70
     0
102
RTVSPost2010Prop47
 90
       50
102
RTVSPost2010PropOp47
 70
     0
102
RTVSPost2010Prop48
 90
       50
102
RTVSPost2010PropOp48
 70
     0
102
RTVSPost2010Prop49
280
     0
102
RTVSPost2010PropOp49
 70
     0
102
RTVSPost2010Prop50
 90
       50
102
RTVSPost2010PropOp50
 70
     0
102
RTVSPost2010Prop51ColorIndex
 90
      256
102
RTVSPost2010Prop51ColorRGB
 90
-16777216
102
RTVSPost2010PropOp51
 70
     0
102
RTVSPost2010Prop52
140
1.0
102
RTVSPost2010PropOp52
 70
     0
102
RTVSPost2010Prop53
 90
        2
102
RTVSPost2010PropOp53
 70
     0
102
RTVSPost2010Prop54
  1
strokes_ogs.tif
102
RTVSPost2010PropOp54
 70
     0
102
RTVSPost2010Prop55
280
     0
102
RTVSPost2010PropOp55
 70
     0
102
RTVSPost2010Prop56
140
1.0
102
RTVSPost2010PropOp56
 70
     0
102
RTVSPost2010Prop57
140
1.0
102
RTVSPost2010PropOp57
 70
     0
  0
XRECORD
  5
7F9
102
{ACAD_REACTORS
330
7F8
102
}
330
7F8
100
AcDbXrecord
280
     1
102
RTVSPropertyOp0
 70
     1
102
RTVSPropertyOp1
 70
     1
102
RTVSPropertyOp2
 70
     1
102
RTVSPropertyOp3
 70
     1
102
RTVSPropertyOp4
 70
     1
102
RTVSPropertyOp5
 70
     1
102
RTVSPropertyOp6
 70
     1
102
RTVSPropertyOp7
 70
     1
102
RTVSPropertyOp8
 70
     1
102
RTVSPropertyOp9
 70
     1
102
RTVSPropertyOp10
 70
     1
102
RTVSPropertyOp11
 70
     1
102
RTVSPropertyOp12
 70
     1
102
RTVSPropertyOp13
 70
     1
102
RTVSPropertyOp14
 70
     1
102
RTVSPropertyOp15
 70
     1
102
RTVSPropertyOp16
 70
     1
102
RTVSPropertyOp17
 70
     1
102
RTVSPropertyOp18
 70
     1
102
RTVSPropertyOp19
 70
     1
102
RTVSPropertyOp20
 70
     1
102
RTVSPropertyOp21
 70
     1
102
RTVSPropertyOp22
 70
     1
102
RTVSPropertyOp23
 70
     1
102
RTVSPropertyOp24
 70
     1
102
RTVSPropertyOp25
 70
     1
102
RTVSPropertyOp26
 70
     1
102
RTVSPropertyOp27
 70
     1
102
RTVSPropertyOp28
 70
     1
102
RTVSPropertyOp29
 70
     1
102
RTVSPropertyOp30
 70
     1
102
RTVSPropertyOp31
 70
     1
102
RTVSPropertyOp32
 70
     1
102
RTVSPropertyOp33
 70
     1
102
RTVSPropertyOp34
 70
     1
102
RTVSPropertyOp35
 70
     1
102
RTVSPropertyOp36
 70
     1
102
RTVSPropertyOp37
 70
     1
102
RTVSPropertyOp38
 70
     1
102
RTVSPropertyOp39
 70
     1
102
RTVSPropertyOp40
 70
     1
102
RTVSPropertyOp41
 70
     1
102
RTVSPropertyOp42
 70
     1
102
RTVSPropertyOp43
 70
     1
102
RTVSPropertyOp44
 70
     1
102
RTVSPropertyOp45
 70
     1
102
RTVSPropertyOp46
 70
     1
102
RTVSPropertyOp47
 70
     1
102
RTVSPropertyOp48
 70
     1
102
RTVSPropertyOp49
 70
     1
102
RTVSPropertyOp50
 70
     1
102
RTVSPropertyOp51
 70
     0
102
RTVSPropertyOp52
 70
     0
102
RTVSPropertyOp53
 70
     1
102
RTVSPropertyOp54
 70
     1
102
RTVSPropertyOp55
 70
     1
102
RTVSPropertyOp56
 70
     1
102
RTVSPropertyOp57
 70
     1
102
RTVSPost2010Prop28
280
     0
102
RTVSPost2010PropOp28
 70
     1
102
RTVSPost2010Prop29
280
     1
102
RTVSPost2010PropOp29
 70
     1
102
RTVSPost2010Prop30
280
     1
102
RTVSPost2010PropOp30
 70
     1
102
RTVSPost2010Prop31
280
     0
102
RTVSPost2010PropOp31
 70
     1
102
RTVSPost2010Prop32
280
     0
102
RTVSPost2010PropOp32
 70
     1
102
RTVSPost2010Prop33
280
     0
102
RTVSPost2010PropOp33
 70
     1
102
RTVSPost2010Prop34
280
     0
102
RTVSPost2010PropOp34
 70
     1
102
RTVSPost2010Prop35
280
     0
102
RTVSPost2010PropOp35
 70
     1
102
RTVSPost2010Prop36
280
     0
102
RTVSPost2010PropOp36
 70
     1
102
RTVSPost2010Prop37
 90
       50
102
RTVSPost2010PropOp37
 70
     1
102
RTVSPost2010Prop38
140
0.0
102
RTVSPost2010PropOp38
 70
     1
102
RTVSPost2010Prop39
140
1.0
102
RTVSPost2010PropOp39
 70
     1
102
RTVSPost2010Prop40
 90
        0
102
RTVSPost2010PropOp40
 70
     1
102
RTVSPost2010Prop41ColorIndex
 90
       18
102
RTVSPost2010Prop41ColorRGB
 90
        0
102
RTVSPost2010PropOp41
 70
     1
102
RTVSPost2010Prop42
 90
       50
102
RTVSPost2010PropOp42
 70
     1
102
RTVSPost2010Prop43
 90
        3
102
RTVSPost2010PropOp43
 70
     1
102
RTVSPost2010Prop44ColorIndex
 90
        5
102
RTVSPost2010Prop44ColorRGB
 90
      255
102
RTVSPost2010PropOp44
 70
     1
102
RTVSPost2010Prop45
280
     0
102
RTVSPost2010PropOp45
 70
     1
102
RTVSPost2010Prop46
 90
       50
102
RTVSPost2010PropOp46
 70
     1
102
RTVSPost2010Prop47
 90
       50
102
RTVSPost2010PropOp47
 70
     1
102
RTVSPost2010Prop48
 90
       50
102
RTVSPost2010PropOp48
 70
     1
102
RTVSPost2010Prop49
280
     0
102
RTVSPost2010PropOp49
 70
     1
102
RTVSPost2010Prop50
 90
       50
102
RTVSPost2010PropOp50
 70
     1
102
RTVSPost2010Prop51ColorIndex
 90
      256
102
RTVSPost2010Prop51ColorRGB
 90
-16777216
102
RTVSPost2010PropOp51
 70
     0
102
RTVSPost2010Prop52
140
1.0
102
RTVSPost2010PropOp52
 70
     0
102
RTVSPost2010Prop53
 90
        2
102
RTVSPost2010PropOp53
 70
     1
102
RTVSPost2010Prop54
  1
strokes_ogs.tif
102
RTVSPost2010PropOp54
 70
     1
102
RTVSPost2010Prop55
280
     0
102
RTVSPost2010PropOp55
 70
     1
102
RTVSPost2010Prop56
140
1.0
102
RTVSPost2010PropOp56
 70
     1
102
RTVSPost2010Prop57
140
1.0
102
RTVSPost2010PropOp57
 70
     1
  0
XRECORD
  5
801
102
{ACAD_REACTORS
330
800
102
}
330
800
100
AcDbXrecord
280
     1
102
RTVSPropertyOp0
 70
     0
102
RTVSPropertyOp1
 70
     0
102
RTVSPropertyOp2
 70
     0
102
RTVSPropertyOp3
 70
     0
102
RTVSPropertyOp4
 70
     0
102
RTVSPropertyOp5
 70
     0
102
RTVSPropertyOp6
 70
     0
102
RTVSPropertyOp7
 70
     0
102
RTVSPropertyOp8
 70
     0
102
RTVSPropertyOp9
 70
     0
102
RTVSPropertyOp10
 70
     0
102
RTVSPropertyOp11
 70
     0
102
RTVSPropertyOp12
 70
     0
102
RTVSPropertyOp13
 70
     0
102
RTVSPropertyOp14
 70
     2
102
RTVSPropertyOp15
 70
     0
102
RTVSPropertyOp16
 70
     0
102
RTVSPropertyOp17
 70
     0
102
RTVSPropertyOp18
 70
     0
102
RTVSPropertyOp19
 70
     0
102
RTVSPropertyOp20
 70
     0
102
RTVSPropertyOp21
 70
     0
102
RTVSPropertyOp22
 70
     0
102
RTVSPropertyOp23
 70
     0
102
RTVSPropertyOp24
 70
     0
102
RTVSPropertyOp25
 70
     0
102
RTVSPropertyOp26
 70
     0
102
RTVSPropertyOp27
 70
     0
102
RTVSPropertyOp28
 70
     0
102
RTVSPropertyOp29
 70
     0
102
RTVSPropertyOp30
 70
     0
102
RTVSPropertyOp31
 70
     0
102
RTVSPropertyOp32
 70
     0
102
RTVSPropertyOp33
 70
     0
102
RTVSPropertyOp34
 70
     0
102
RTVSPropertyOp35
 70
     0
102
RTVSPropertyOp36
 70
     0
102
RTVSPropertyOp37
 70
     0
102
RTVSPropertyOp38
 70
     0
102
RTVSPropertyOp39
 70
     0
102
RTVSPropertyOp40
 70
     0
102
RTVSPropertyOp41
 70
     0
102
RTVSPropertyOp42
 70
     0
102
RTVSPropertyOp43
 70
     0
102
RTVSPropertyOp44
 70
     0
102
RTVSPropertyOp45
 70
     0
102
RTVSPropertyOp46
 70
     0
102
RTVSPropertyOp47
 70
     0
102
RTVSPropertyOp48
 70
     0
102
RTVSPropertyOp49
 70
     0
102
RTVSPropertyOp50
 70
     0
102
RTVSPropertyOp51
 70
     0
102
RTVSPropertyOp52
 70
     0
102
RTVSPropertyOp53
 70
     0
102
RTVSPropertyOp54
 70
     0
102
RTVSPropertyOp55
 70
     0
102
RTVSPropertyOp56
 70
     0
102
RTVSPropertyOp57
 70
     0
102
RTVSPost2010Prop28
280
     0
102
RTVSPost2010PropOp28
 70
     0
102
RTVSPost2010Prop29
280
     1
102
RTVSPost2010PropOp29
 70
     0
102
RTVSPost2010Prop30
280
     1
102
RTVSPost2010PropOp30
 70
     0
102
RTVSPost2010Prop31
280
     0
102
RTVSPost2010PropOp31
 70
     0
102
RTVSPost2010Prop32
280
     0
102
RTVSPost2010PropOp32
 70
     0
102
RTVSPost2010Prop33
280
     0
102
RTVSPost2010PropOp33
 70
     0
102
RTVSPost2010Prop34
280
     0
102
RTVSPost2010PropOp34
 70
     0
102
RTVSPost2010Prop35
280
     0
102
RTVSPost2010PropOp35
 70
     0
102
RTVSPost2010Prop36
280
     0
102
RTVSPost2010PropOp36
 70
     0
102
RTVSPost2010Prop37
 90
       50
102
RTVSPost2010PropOp37
 70
     0
102
RTVSPost2010Prop38
140
0.0
102
RTVSPost2010PropOp38
 70
     0
102
RTVSPost2010Prop39
140
1.0
102
RTVSPost2010PropOp39
 70
     0
102
RTVSPost2010Prop40
 90
        0
102
RTVSPost2010PropOp40
 70
     0
102
RTVSPost2010Prop41ColorIndex
 90
       18
102
RTVSPost2010Prop41ColorRGB
 90
        0
102
RTVSPost2010PropOp41
 70
     0
102
RTVSPost2010Prop42
 90
       50
102
RTVSPost2010PropOp42
 70
     0
102
RTVSPost2010Prop43
 90
        3
102
RTVSPost2010PropOp43
 70
     0
102
RTVSPost2010Prop44ColorIndex
 90
        5
102
RTVSPost2010Prop44ColorRGB
 90
      255
102
RTVSPost2010PropOp44
 70
     0
102
RTVSPost2010Prop45
280
     0
102
RTVSPost2010PropOp45
 70
     0
102
RTVSPost2010Prop46
 90
       50
102
RTVSPost2010PropOp46
 70
     0
102
RTVSPost2010Prop47
 90
       50
102
RTVSPost2010PropOp47
 70
     0
102
RTVSPost2010Prop48
 90
       50
102
RTVSPost2010PropOp48
 70
     0
102
RTVSPost2010Prop49
280
     0
102
RTVSPost2010PropOp49
 70
     0
102
RTVSPost2010Prop50
 90
       50
102
RTVSPost2010PropOp50
 70
     0
102
RTVSPost2010Prop51ColorIndex
 90
      256
102
RTVSPost2010Prop51ColorRGB
 90
-16777216
102
RTVSPost2010PropOp51
 70
     0
102
RTVSPost2010Prop52
140
1.0
102
RTVSPost2010PropOp52
 70
     0
102
RTVSPost2010Prop53
 90
        2
102
RTVSPost2010PropOp53
 70
     0
102
RTVSPost2010Prop54
  1
strokes_ogs.tif
102
RTVSPost2010PropOp54
 70
     0
102
RTVSPost2010Prop55
280
     0
102
RTVSPost2010PropOp55
 70
     0
102
RTVSPost2010Prop56
140
1.0
102
RTVSPost2010PropOp56
 70
     0
102
RTVSPost2010Prop57
140
1.0
102
RTVSPost2010PropOp57
 70
     0
  0
XRECORD
  5
7EF
102
{ACAD_REACTORS
330
7EE
102
}
330
7EE
100
AcDbXrecord
280
     1
102
RTVSPropertyOp0
 70
     1
102
RTVSPropertyOp1
 70
     1
102
RTVSPropertyOp2
 70
     1
102
RTVSPropertyOp3
 70
     1
102
RTVSPropertyOp4
 70
     1
102
RTVSPropertyOp5
 70
     1
102
RTVSPropertyOp6
 70
     1
102
RTVSPropertyOp7
 70
     1
102
RTVSPropertyOp8
 70
     1
102
RTVSPropertyOp9
 70
     1
102
RTVSPropertyOp10
 70
     1
102
RTVSPropertyOp11
 70
     1
102
RTVSPropertyOp12
 70
     1
102
RTVSPropertyOp13
 70
     1
102
RTVSPropertyOp14
 70
     1
102
RTVSPropertyOp15
 70
     1
102
RTVSPropertyOp16
 70
     1
102
RTVSPropertyOp17
 70
     1
102
RTVSPropertyOp18
 70
     1
102
RTVSPropertyOp19
 70
     1
102
RTVSPropertyOp20
 70
     1
102
RTVSPropertyOp21
 70
     1
102
RTVSPropertyOp22
 70
     1
102
RTVSPropertyOp23
 70
     1
102
RTVSPropertyOp24
 70
     1
102
RTVSPropertyOp25
 70
     1
102
RTVSPropertyOp26
 70
     1
102
RTVSPropertyOp27
 70
     1
102
RTVSPropertyOp28
 70
     1
102
RTVSPropertyOp29
 70
     1
102
RTVSPropertyOp30
 70
     1
102
RTVSPropertyOp31
 70
     1
102
RTVSPropertyOp32
 70
     1
102
RTVSPropertyOp33
 70
     1
102
RTVSPropertyOp34
 70
     1
102
RTVSPropertyOp35
 70
     1
102
RTVSPropertyOp36
 70
     1
102
RTVSPropertyOp37
 70
     1
102
RTVSPropertyOp38
 70
     1
102
RTVSPropertyOp39
 70
     1
102
RTVSPropertyOp40
 70
     1
102
RTVSPropertyOp41
 70
     1
102
RTVSPropertyOp42
 70
     1
102
RTVSPropertyOp43
 70
     1
102
RTVSPropertyOp44
 70
     1
102
RTVSPropertyOp45
 70
     1
102
RTVSPropertyOp46
 70
     1
102
RTVSPropertyOp47
 70
     1
102
RTVSPropertyOp48
 70
     1
102
RTVSPropertyOp49
 70
     1
102
RTVSPropertyOp50
 70
     1
102
RTVSPropertyOp51
 70
     0
102
RTVSPropertyOp52
 70
     0
102
RTVSPropertyOp53
 70
     1
102
RTVSPropertyOp54
 70
     1
102
RTVSPropertyOp55
 70
     1
102
RTVSPropertyOp56
 70
     1
102
RTVSPropertyOp57
 70
     1
102
RTVSPost2010Prop28
280
     0
102
RTVSPost2010PropOp28
 70
     1
102
RTVSPost2010Prop29
280
     1
102
RTVSPost2010PropOp29
 70
     1
102
RTVSPost2010Prop30
280
     1
102
RTVSPost2010PropOp30
 70
     1
102
RTVSPost2010Prop31
280
     0
102
RTVSPost2010PropOp31
 70
     1
102
RTVSPost2010Prop32
280
     0
102
RTVSPost2010PropOp32
 70
     1
102
RTVSPost2010Prop33
280
     0
102
RTVSPost2010PropOp33
 70
     1
102
RTVSPost2010Prop34
280
     0
102
RTVSPost2010PropOp34
 70
     1
102
RTVSPost2010Prop35
280
     0
102
RTVSPost2010PropOp35
 70
     1
102
RTVSPost2010Prop36
280
     0
102
RTVSPost2010PropOp36
 70
     1
102
RTVSPost2010Prop37
 90
       50
102
RTVSPost2010PropOp37
 70
     1
102
RTVSPost2010Prop38
140
0.0
102
RTVSPost2010PropOp38
 70
     1
102
RTVSPost2010Prop39
140
1.0
102
RTVSPost2010PropOp39
 70
     1
102
RTVSPost2010Prop40
 90
        0
102
RTVSPost2010PropOp40
 70
     1
102
RTVSPost2010Prop41ColorIndex
 90
       18
102
RTVSPost2010Prop41ColorRGB
 90
        0
102
RTVSPost2010PropOp41
 70
     1
102
RTVSPost2010Prop42
 90
       50
102
RTVSPost2010PropOp42
 70
     1
102
RTVSPost2010Prop43
 90
        3
102
RTVSPost2010PropOp43
 70
     1
102
RTVSPost2010Prop44ColorIndex
 90
        5
102
RTVSPost2010Prop44ColorRGB
 90
      255
102
RTVSPost2010PropOp44
 70
     1
102
RTVSPost2010Prop45
280
     0
102
RTVSPost2010PropOp45
 70
     1
102
RTVSPost2010Prop46
 90
       50
102
RTVSPost2010PropOp46
 70
     1
102
RTVSPost2010Prop47
 90
       50
102
RTVSPost2010PropOp47
 70
     1
102
RTVSPost2010Prop48
 90
       50
102
RTVSPost2010PropOp48
 70
     1
102
RTVSPost2010Prop49
280
     0
102
RTVSPost2010PropOp49
 70
     1
102
RTVSPost2010Prop50
 90
       50
102
RTVSPost2010PropOp50
 70
     1
102
RTVSPost2010Prop51ColorIndex
 90
      256
102
RTVSPost2010Prop51ColorRGB
 90
-16777216
102
RTVSPost2010PropOp51
 70
     0
102
RTVSPost2010Prop52
140
1.0
102
RTVSPost2010PropOp52
 70
     0
102
RTVSPost2010Prop53
 90
        2
102
RTVSPost2010PropOp53
 70
     1
102
RTVSPost2010Prop54
  1
strokes_ogs.tif
102
RTVSPost2010PropOp54
 70
     1
102
RTVSPost2010Prop55
280
     0
102
RTVSPost2010PropOp55
 70
     1
102
RTVSPost2010Prop56
140
1.0
102
RTVSPost2010PropOp56
 70
     1
102
RTVSPost2010Prop57
140
1.0
102
RTVSPost2010PropOp57
 70
     1
  0
XRECORD
  5
80D
102
{ACAD_REACTORS
330
80C
102
}
330
80C
100
AcDbXrecord
280
     1
102
RTVSPropertyOp0
 70
     1
102
RTVSPropertyOp1
 70
     1
102
RTVSPropertyOp2
 70
     1
102
RTVSPropertyOp3
 70
     1
102
RTVSPropertyOp4
 70
     1
102
RTVSPropertyOp5
 70
     1
102
RTVSPropertyOp6
 70
     1
102
RTVSPropertyOp7
 70
     1
102
RTVSPropertyOp8
 70
     1
102
RTVSPropertyOp9
 70
     1
102
RTVSPropertyOp10
 70
     1
102
RTVSPropertyOp11
 70
     1
102
RTVSPropertyOp12
 70
     1
102
RTVSPropertyOp13
 70
     1
102
RTVSPropertyOp14
 70
     1
102
RTVSPropertyOp15
 70
     1
102
RTVSPropertyOp16
 70
     1
102
RTVSPropertyOp17
 70
     1
102
RTVSPropertyOp18
 70
     1
102
RTVSPropertyOp19
 70
     1
102
RTVSPropertyOp20
 70
     1
102
RTVSPropertyOp21
 70
     1
102
RTVSPropertyOp22
 70
     1
102
RTVSPropertyOp23
 70
     1
102
RTVSPropertyOp24
 70
     1
102
RTVSPropertyOp25
 70
     1
102
RTVSPropertyOp26
 70
     1
102
RTVSPropertyOp27
 70
     1
102
RTVSPropertyOp28
 70
     1
102
RTVSPropertyOp29
 70
     1
102
RTVSPropertyOp30
 70
     1
102
RTVSPropertyOp31
 70
     1
102
RTVSPropertyOp32
 70
     1
102
RTVSPropertyOp33
 70
     1
102
RTVSPropertyOp34
 70
     1
102
RTVSPropertyOp35
 70
     1
102
RTVSPropertyOp36
 70
     1
102
RTVSPropertyOp37
 70
     1
102
RTVSPropertyOp38
 70
     1
102
RTVSPropertyOp39
 70
     1
102
RTVSPropertyOp40
 70
     1
102
RTVSPropertyOp41
 70
     1
102
RTVSPropertyOp42
 70
     1
102
RTVSPropertyOp43
 70
     1
102
RTVSPropertyOp44
 70
     1
102
RTVSPropertyOp45
 70
     1
102
RTVSPropertyOp46
 70
     1
102
RTVSPropertyOp47
 70
     1
102
RTVSPropertyOp48
 70
     1
102
RTVSPropertyOp49
 70
     1
102
RTVSPropertyOp50
 70
     1
102
RTVSPropertyOp51
 70
     0
102
RTVSPropertyOp52
 70
     0
102
RTVSPropertyOp53
 70
     1
102
RTVSPropertyOp54
 70
     1
102
RTVSPropertyOp55
 70
     1
102
RTVSPropertyOp56
 70
     1
102
RTVSPropertyOp57
 70
     1
102
RTVSPost2010Prop28
280
     0
102
RTVSPost2010PropOp28
 70
     1
102
RTVSPost2010Prop29
280
     1
102
RTVSPost2010PropOp29
 70
     1
102
RTVSPost2010Prop30
280
     1
102
RTVSPost2010PropOp30
 70
     1
102
RTVSPost2010Prop31
280
     0
102
RTVSPost2010PropOp31
 70
     1
102
RTVSPost2010Prop32
280
     0
102
RTVSPost2010PropOp32
 70
     1
102
RTVSPost2010Prop33
280
     0
102
RTVSPost2010PropOp33
 70
     1
102
RTVSPost2010Prop34
280
     0
102
RTVSPost2010PropOp34
 70
     1
102
RTVSPost2010Prop35
280
     0
102
RTVSPost2010PropOp35
 70
     1
102
RTVSPost2010Prop36
280
     0
102
RTVSPost2010PropOp36
 70
     1
102
RTVSPost2010Prop37
 90
       50
102
RTVSPost2010PropOp37
 70
     1
102
RTVSPost2010Prop38
140
0.0
102
RTVSPost2010PropOp38
 70
     1
102
RTVSPost2010Prop39
140
1.0
102
RTVSPost2010PropOp39
 70
     1
102
RTVSPost2010Prop40
 90
        0
102
RTVSPost2010PropOp40
 70
     1
102
RTVSPost2010Prop41ColorIndex
 90
       18
102
RTVSPost2010Prop41ColorRGB
 90
        0
102
RTVSPost2010PropOp41
 70
     1
102
RTVSPost2010Prop42
 90
       50
102
RTVSPost2010PropOp42
 70
     1
102
RTVSPost2010Prop43
 90
        3
102
RTVSPost2010PropOp43
 70
     1
102
RTVSPost2010Prop44ColorIndex
 90
        5
102
RTVSPost2010Prop44ColorRGB
 90
      255
102
RTVSPost2010PropOp44
 70
     1
102
RTVSPost2010Prop45
280
     0
102
RTVSPost2010PropOp45
 70
     1
102
RTVSPost2010Prop46
 90
       50
102
RTVSPost2010PropOp46
 70
     1
102
RTVSPost2010Prop47
 90
       50
102
RTVSPost2010PropOp47
 70
     1
102
RTVSPost2010Prop48
 90
       50
102
RTVSPost2010PropOp48
 70
     1
102
RTVSPost2010Prop49
280
     0
102
RTVSPost2010PropOp49
 70
     1
102
RTVSPost2010Prop50
 90
       50
102
RTVSPost2010PropOp50
 70
     1
102
RTVSPost2010Prop51ColorIndex
 90
      256
102
RTVSPost2010Prop51ColorRGB
 90
-16777216
102
RTVSPost2010PropOp51
 70
     0
102
RTVSPost2010Prop52
140
1.0
102
RTVSPost2010PropOp52
 70
     0
102
RTVSPost2010Prop53
 90
        2
102
RTVSPost2010PropOp53
 70
     1
102
RTVSPost2010Prop54
  1
strokes_ogs.tif
102
RTVSPost2010PropOp54
 70
     1
102
RTVSPost2010Prop55
280
     0
102
RTVSPost2010PropOp55
 70
     1
102
RTVSPost2010Prop56
140
1.0
102
RTVSPost2010PropOp56
 70
     1
102
RTVSPost2010Prop57
140
1.0
102
RTVSPost2010PropOp57
 70
     1
  0
XRECORD
  5
80B
102
{ACAD_REACTORS
330
80A
102
}
330
80A
100
AcDbXrecord
280
     1
102
RTVSPropertyOp0
 70
     1
102
RTVSPropertyOp1
 70
     1
102
RTVSPropertyOp2
 70
     1
102
RTVSPropertyOp3
 70
     1
102
RTVSPropertyOp4
 70
     1
102
RTVSPropertyOp5
 70
     1
102
RTVSPropertyOp6
 70
     1
102
RTVSPropertyOp7
 70
     1
102
RTVSPropertyOp8
 70
     1
102
RTVSPropertyOp9
 70
     1
102
RTVSPropertyOp10
 70
     1
102
RTVSPropertyOp11
 70
     1
102
RTVSPropertyOp12
 70
     1
102
RTVSPropertyOp13
 70
     1
102
RTVSPropertyOp14
 70
     1
102
RTVSPropertyOp15
 70
     1
102
RTVSPropertyOp16
 70
     1
102
RTVSPropertyOp17
 70
     1
102
RTVSPropertyOp18
 70
     1
102
RTVSPropertyOp19
 70
     1
102
RTVSPropertyOp20
 70
     1
102
RTVSPropertyOp21
 70
     1
102
RTVSPropertyOp22
 70
     1
102
RTVSPropertyOp23
 70
     1
102
RTVSPropertyOp24
 70
     1
102
RTVSPropertyOp25
 70
     1
102
RTVSPropertyOp26
 70
     1
102
RTVSPropertyOp27
 70
     1
102
RTVSPropertyOp28
 70
     1
102
RTVSPropertyOp29
 70
     1
102
RTVSPropertyOp30
 70
     1
102
RTVSPropertyOp31
 70
     1
102
RTVSPropertyOp32
 70
     1
102
RTVSPropertyOp33
 70
     1
102
RTVSPropertyOp34
 70
     1
102
RTVSPropertyOp35
 70
     1
102
RTVSPropertyOp36
 70
     1
102
RTVSPropertyOp37
 70
     1
102
RTVSPropertyOp38
 70
     1
102
RTVSPropertyOp39
 70
     1
102
RTVSPropertyOp40
 70
     1
102
RTVSPropertyOp41
 70
     1
102
RTVSPropertyOp42
 70
     1
102
RTVSPropertyOp43
 70
     1
102
RTVSPropertyOp44
 70
     1
102
RTVSPropertyOp45
 70
     1
102
RTVSPropertyOp46
 70
     1
102
RTVSPropertyOp47
 70
     1
102
RTVSPropertyOp48
 70
     1
102
RTVSPropertyOp49
 70
     1
102
RTVSPropertyOp50
 70
     1
102
RTVSPropertyOp51
 70
     0
102
RTVSPropertyOp52
 70
     0
102
RTVSPropertyOp53
 70
     1
102
RTVSPropertyOp54
 70
     1
102
RTVSPropertyOp55
 70
     1
102
RTVSPropertyOp56
 70
     1
102
RTVSPropertyOp57
 70
     1
102
RTVSPost2010Prop28
280
     0
102
RTVSPost2010PropOp28
 70
     1
102
RTVSPost2010Prop29
280
     1
102
RTVSPost2010PropOp29
 70
     1
102
RTVSPost2010Prop30
280
     1
102
RTVSPost2010PropOp30
 70
     1
102
RTVSPost2010Prop31
280
     0
102
RTVSPost2010PropOp31
 70
     1
102
RTVSPost2010Prop32
280
     0
102
RTVSPost2010PropOp32
 70
     1
102
RTVSPost2010Prop33
280
     0
102
RTVSPost2010PropOp33
 70
     1
102
RTVSPost2010Prop34
280
     0
102
RTVSPost2010PropOp34
 70
     1
102
RTVSPost2010Prop35
280
     0
102
RTVSPost2010PropOp35
 70
     1
102
RTVSPost2010Prop36
280
     0
102
RTVSPost2010PropOp36
 70
     1
102
RTVSPost2010Prop37
 90
       50
102
RTVSPost2010PropOp37
 70
     1
102
RTVSPost2010Prop38
140
0.0
102
RTVSPost2010PropOp38
 70
     1
102
RTVSPost2010Prop39
140
1.0
102
RTVSPost2010PropOp39
 70
     1
102
RTVSPost2010Prop40
 90
        0
102
RTVSPost2010PropOp40
 70
     1
102
RTVSPost2010Prop41ColorIndex
 90
       18
102
RTVSPost2010Prop41ColorRGB
 90
        0
102
RTVSPost2010PropOp41
 70
     1
102
RTVSPost2010Prop42
 90
       50
102
RTVSPost2010PropOp42
 70
     1
102
RTVSPost2010Prop43
 90
        3
102
RTVSPost2010PropOp43
 70
     1
102
RTVSPost2010Prop44ColorIndex
 90
        5
102
RTVSPost2010Prop44ColorRGB
 90
      255
102
RTVSPost2010PropOp44
 70
     1
102
RTVSPost2010Prop45
280
     0
102
RTVSPost2010PropOp45
 70
     1
102
RTVSPost2010Prop46
 90
       50
102
RTVSPost2010PropOp46
 70
     1
102
RTVSPost2010Prop47
 90
       50
102
RTVSPost2010PropOp47
 70
     1
102
RTVSPost2010Prop48
 90
       50
102
RTVSPost2010PropOp48
 70
     1
102
RTVSPost2010Prop49
280
     0
102
RTVSPost2010PropOp49
 70
     1
102
RTVSPost2010Prop50
 90
       50
102
RTVSPost2010PropOp50
 70
     1
102
RTVSPost2010Prop51ColorIndex
 90
      256
102
RTVSPost2010Prop51ColorRGB
 90
-16777216
102
RTVSPost2010PropOp51
 70
     0
102
RTVSPost2010Prop52
140
1.0
102
RTVSPost2010PropOp52
 70
     0
102
RTVSPost2010Prop53
 90
        2
102
RTVSPost2010PropOp53
 70
     1
102
RTVSPost2010Prop54
  1
strokes_ogs.tif
102
RTVSPost2010PropOp54
 70
     1
102
RTVSPost2010Prop55
280
     0
102
RTVSPost2010PropOp55
 70
     1
102
RTVSPost2010Prop56
140
1.0
102
RTVSPost2010PropOp56
 70
     1
102
RTVSPost2010Prop57
140
1.0
102
RTVSPost2010PropOp57
 70
     1
  0
XRECORD
  5
805
102
{ACAD_REACTORS
330
804
102
}
330
804
100
AcDbXrecord
280
     1
102
RTVSPropertyOp0
 70
     1
102
RTVSPropertyOp1
 70
     1
102
RTVSPropertyOp2
 70
     1
102
RTVSPropertyOp3
 70
     1
102
RTVSPropertyOp4
 70
     1
102
RTVSPropertyOp5
 70
     1
102
RTVSPropertyOp6
 70
     1
102
RTVSPropertyOp7
 70
     1
102
RTVSPropertyOp8
 70
     1
102
RTVSPropertyOp9
 70
     1
102
RTVSPropertyOp10
 70
     1
102
RTVSPropertyOp11
 70
     1
102
RTVSPropertyOp12
 70
     1
102
RTVSPropertyOp13
 70
     1
102
RTVSPropertyOp14
 70
     1
102
RTVSPropertyOp15
 70
     1
102
RTVSPropertyOp16
 70
     1
102
RTVSPropertyOp17
 70
     1
102
RTVSPropertyOp18
 70
     1
102
RTVSPropertyOp19
 70
     1
102
RTVSPropertyOp20
 70
     1
102
RTVSPropertyOp21
 70
     1
102
RTVSPropertyOp22
 70
     1
102
RTVSPropertyOp23
 70
     1
102
RTVSPropertyOp24
 70
     1
102
RTVSPropertyOp25
 70
     1
102
RTVSPropertyOp26
 70
     1
102
RTVSPropertyOp27
 70
     1
102
RTVSPropertyOp28
 70
     1
102
RTVSPropertyOp29
 70
     1
102
RTVSPropertyOp30
 70
     1
102
RTVSPropertyOp31
 70
     1
102
RTVSPropertyOp32
 70
     1
102
RTVSPropertyOp33
 70
     1
102
RTVSPropertyOp34
 70
     1
102
RTVSPropertyOp35
 70
     1
102
RTVSPropertyOp36
 70
     1
102
RTVSPropertyOp37
 70
     1
102
RTVSPropertyOp38
 70
     1
102
RTVSPropertyOp39
 70
     1
102
RTVSPropertyOp40
 70
     1
102
RTVSPropertyOp41
 70
     1
102
RTVSPropertyOp42
 70
     1
102
RTVSPropertyOp43
 70
     1
102
RTVSPropertyOp44
 70
     1
102
RTVSPropertyOp45
 70
     1
102
RTVSPropertyOp46
 70
     1
102
RTVSPropertyOp47
 70
     1
102
RTVSPropertyOp48
 70
     1
102
RTVSPropertyOp49
 70
     1
102
RTVSPropertyOp50
 70
     1
102
RTVSPropertyOp51
 70
     0
102
RTVSPropertyOp52
 70
     0
102
RTVSPropertyOp53
 70
     1
102
RTVSPropertyOp54
 70
     1
102
RTVSPropertyOp55
 70
     1
102
RTVSPropertyOp56
 70
     1
102
RTVSPropertyOp57
 70
     1
102
RTVSPost2010Prop28
280
     0
102
RTVSPost2010PropOp28
 70
     1
102
RTVSPost2010Prop29
280
     1
102
RTVSPost2010PropOp29
 70
     1
102
RTVSPost2010Prop30
280
     1
102
RTVSPost2010PropOp30
 70
     1
102
RTVSPost2010Prop31
280
     0
102
RTVSPost2010PropOp31
 70
     1
102
RTVSPost2010Prop32
280
     0
102
RTVSPost2010PropOp32
 70
     1
102
RTVSPost2010Prop33
280
     0
102
RTVSPost2010PropOp33
 70
     1
102
RTVSPost2010Prop34
280
     0
102
RTVSPost2010PropOp34
 70
     1
102
RTVSPost2010Prop35
280
     0
102
RTVSPost2010PropOp35
 70
     1
102
RTVSPost2010Prop36
280
     0
102
RTVSPost2010PropOp36
 70
     1
102
RTVSPost2010Prop37
 90
       50
102
RTVSPost2010PropOp37
 70
     1
102
RTVSPost2010Prop38
140
0.0
102
RTVSPost2010PropOp38
 70
     1
102
RTVSPost2010Prop39
140
1.0
102
RTVSPost2010PropOp39
 70
     1
102
RTVSPost2010Prop40
 90
        0
102
RTVSPost2010PropOp40
 70
     1
102
RTVSPost2010Prop41ColorIndex
 90
       18
102
RTVSPost2010Prop41ColorRGB
 90
        0
102
RTVSPost2010PropOp41
 70
     1
102
RTVSPost2010Prop42
 90
       50
102
RTVSPost2010PropOp42
 70
     1
102
RTVSPost2010Prop43
 90
        3
102
RTVSPost2010PropOp43
 70
     1
102
RTVSPost2010Prop44ColorIndex
 90
        5
102
RTVSPost2010Prop44ColorRGB
 90
      255
102
RTVSPost2010PropOp44
 70
     1
102
RTVSPost2010Prop45
280
     0
102
RTVSPost2010PropOp45
 70
     1
102
RTVSPost2010Prop46
 90
       50
102
RTVSPost2010PropOp46
 70
     1
102
RTVSPost2010Prop47
 90
       50
102
RTVSPost2010PropOp47
 70
     1
102
RTVSPost2010Prop48
 90
       50
102
RTVSPost2010PropOp48
 70
     1
102
RTVSPost2010Prop49
280
     0
102
RTVSPost2010PropOp49
 70
     1
102
RTVSPost2010Prop50
 90
       50
102
RTVSPost2010PropOp50
 70
     1
102
RTVSPost2010Prop51ColorIndex
 90
      256
102
RTVSPost2010Prop51ColorRGB
 90
-16777216
102
RTVSPost2010PropOp51
 70
     0
102
RTVSPost2010Prop52
140
1.0
102
RTVSPost2010PropOp52
 70
     0
102
RTVSPost2010Prop53
 90
        2
102
RTVSPost2010PropOp53
 70
     1
102
RTVSPost2010Prop54
  1
strokes_ogs.tif
102
RTVSPost2010PropOp54
 70
     1
102
RTVSPost2010Prop55
280
     0
102
RTVSPost2010PropOp55
 70
     1
102
RTVSPost2010Prop56
140
1.0
102
RTVSPost2010PropOp56
 70
     1
102
RTVSPost2010Prop57
140
1.0
102
RTVSPost2010PropOp57
 70
     1
  0
XRECORD
  5
807
102
{ACAD_REACTORS
330
806
102
}
330
806
100
AcDbXrecord
280
     1
102
RTVSPropertyOp0
 70
     1
102
RTVSPropertyOp1
 70
     1
102
RTVSPropertyOp2
 70
     1
102
RTVSPropertyOp3
 70
     1
102
RTVSPropertyOp4
 70
     1
102
RTVSPropertyOp5
 70
     1
102
RTVSPropertyOp6
 70
     1
102
RTVSPropertyOp7
 70
     1
102
RTVSPropertyOp8
 70
     1
102
RTVSPropertyOp9
 70
     1
102
RTVSPropertyOp10
 70
     1
102
RTVSPropertyOp11
 70
     1
102
RTVSPropertyOp12
 70
     1
102
RTVSPropertyOp13
 70
     1
102
RTVSPropertyOp14
 70
     1
102
RTVSPropertyOp15
 70
     1
102
RTVSPropertyOp16
 70
     1
102
RTVSPropertyOp17
 70
     1
102
RTVSPropertyOp18
 70
     1
102
RTVSPropertyOp19
 70
     1
102
RTVSPropertyOp20
 70
     1
102
RTVSPropertyOp21
 70
     1
102
RTVSPropertyOp22
 70
     1
102
RTVSPropertyOp23
 70
     1
102
RTVSPropertyOp24
 70
     1
102
RTVSPropertyOp25
 70
     1
102
RTVSPropertyOp26
 70
     1
102
RTVSPropertyOp27
 70
     1
102
RTVSPropertyOp28
 70
     1
102
RTVSPropertyOp29
 70
     1
102
RTVSPropertyOp30
 70
     1
102
RTVSPropertyOp31
 70
     1
102
RTVSPropertyOp32
 70
     1
102
RTVSPropertyOp33
 70
     1
102
RTVSPropertyOp34
 70
     1
102
RTVSPropertyOp35
 70
     1
102
RTVSPropertyOp36
 70
     1
102
RTVSPropertyOp37
 70
     1
102
RTVSPropertyOp38
 70
     1
102
RTVSPropertyOp39
 70
     1
102
RTVSPropertyOp40
 70
     1
102
RTVSPropertyOp41
 70
     1
102
RTVSPropertyOp42
 70
     1
102
RTVSPropertyOp43
 70
     1
102
RTVSPropertyOp44
 70
     1
102
RTVSPropertyOp45
 70
     1
102
RTVSPropertyOp46
 70
     1
102
RTVSPropertyOp47
 70
     1
102
RTVSPropertyOp48
 70
     1
102
RTVSPropertyOp49
 70
     1
102
RTVSPropertyOp50
 70
     1
102
RTVSPropertyOp51
 70
     0
102
RTVSPropertyOp52
 70
     0
102
RTVSPropertyOp53
 70
     1
102
RTVSPropertyOp54
 70
     1
102
RTVSPropertyOp55
 70
     1
102
RTVSPropertyOp56
 70
     1
102
RTVSPropertyOp57
 70
     1
102
RTVSPost2010Prop28
280
     0
102
RTVSPost2010PropOp28
 70
     1
102
RTVSPost2010Prop29
280
     1
102
RTVSPost2010PropOp29
 70
     1
102
RTVSPost2010Prop30
280
     1
102
RTVSPost2010PropOp30
 70
     1
102
RTVSPost2010Prop31
280
     0
102
RTVSPost2010PropOp31
 70
     1
102
RTVSPost2010Prop32
280
     0
102
RTVSPost2010PropOp32
 70
     1
102
RTVSPost2010Prop33
280
     0
102
RTVSPost2010PropOp33
 70
     1
102
RTVSPost2010Prop34
280
     0
102
RTVSPost2010PropOp34
 70
     1
102
RTVSPost2010Prop35
280
     0
102
RTVSPost2010PropOp35
 70
     1
102
RTVSPost2010Prop36
280
     0
102
RTVSPost2010PropOp36
 70
     1
102
RTVSPost2010Prop37
 90
       50
102
RTVSPost2010PropOp37
 70
     1
102
RTVSPost2010Prop38
140
0.0
102
RTVSPost2010PropOp38
 70
     1
102
RTVSPost2010Prop39
140
1.0
102
RTVSPost2010PropOp39
 70
     1
102
RTVSPost2010Prop40
 90
        0
102
RTVSPost2010PropOp40
 70
     1
102
RTVSPost2010Prop41ColorIndex
 90
       18
102
RTVSPost2010Prop41ColorRGB
 90
        0
102
RTVSPost2010PropOp41
 70
     1
102
RTVSPost2010Prop42
 90
       50
102
RTVSPost2010PropOp42
 70
     1
102
RTVSPost2010Prop43
 90
        3
102
RTVSPost2010PropOp43
 70
     1
102
RTVSPost2010Prop44ColorIndex
 90
        5
102
RTVSPost2010Prop44ColorRGB
 90
      255
102
RTVSPost2010PropOp44
 70
     1
102
RTVSPost2010Prop45
280
     0
102
RTVSPost2010PropOp45
 70
     1
102
RTVSPost2010Prop46
 90
       50
102
RTVSPost2010PropOp46
 70
     1
102
RTVSPost2010Prop47
 90
       50
102
RTVSPost2010PropOp47
 70
     1
102
RTVSPost2010Prop48
 90
       50
102
RTVSPost2010PropOp48
 70
     1
102
RTVSPost2010Prop49
280
     0
102
RTVSPost2010PropOp49
 70
     1
102
RTVSPost2010Prop50
 90
       50
102
RTVSPost2010PropOp50
 70
     1
102
RTVSPost2010Prop51ColorIndex
 90
      256
102
RTVSPost2010Prop51ColorRGB
 90
-16777216
102
RTVSPost2010PropOp51
 70
     0
102
RTVSPost2010Prop52
140
1.0
102
RTVSPost2010PropOp52
 70
     0
102
RTVSPost2010Prop53
 90
        2
102
RTVSPost2010PropOp53
 70
     1
102
RTVSPost2010Prop54
  1
strokes_ogs.tif
102
RTVSPost2010PropOp54
 70
     1
102
RTVSPost2010Prop55
280
     0
102
RTVSPost2010PropOp55
 70
     1
102
RTVSPost2010Prop56
140
1.0
102
RTVSPost2010PropOp56
 70
     1
102
RTVSPost2010Prop57
140
1.0
102
RTVSPost2010PropOp57
 70
     1
  0
XRECORD
  5
7F7
102
{ACAD_REACTORS
330
7F6
102
}
330
7F6
100
AcDbXrecord
280
     1
102
RTVSPropertyOp0
 70
     1
102
RTVSPropertyOp1
 70
     1
102
RTVSPropertyOp2
 70
     1
102
RTVSPropertyOp3
 70
     1
102
RTVSPropertyOp4
 70
     1
102
RTVSPropertyOp5
 70
     1
102
RTVSPropertyOp6
 70
     1
102
RTVSPropertyOp7
 70
     1
102
RTVSPropertyOp8
 70
     1
102
RTVSPropertyOp9
 70
     1
102
RTVSPropertyOp10
 70
     1
102
RTVSPropertyOp11
 70
     1
102
RTVSPropertyOp12
 70
     1
102
RTVSPropertyOp13
 70
     1
102
RTVSPropertyOp14
 70
     1
102
RTVSPropertyOp15
 70
     1
102
RTVSPropertyOp16
 70
     1
102
RTVSPropertyOp17
 70
     1
102
RTVSPropertyOp18
 70
     1
102
RTVSPropertyOp19
 70
     1
102
RTVSPropertyOp20
 70
     1
102
RTVSPropertyOp21
 70
     1
102
RTVSPropertyOp22
 70
     1
102
RTVSPropertyOp23
 70
     1
102
RTVSPropertyOp24
 70
     1
102
RTVSPropertyOp25
 70
     1
102
RTVSPropertyOp26
 70
     1
102
RTVSPropertyOp27
 70
     1
102
RTVSPropertyOp28
 70
     1
102
RTVSPropertyOp29
 70
     1
102
RTVSPropertyOp30
 70
     1
102
RTVSPropertyOp31
 70
     1
102
RTVSPropertyOp32
 70
     1
102
RTVSPropertyOp33
 70
     1
102
RTVSPropertyOp34
 70
     1
102
RTVSPropertyOp35
 70
     1
102
RTVSPropertyOp36
 70
     1
102
RTVSPropertyOp37
 70
     1
102
RTVSPropertyOp38
 70
     1
102
RTVSPropertyOp39
 70
     1
102
RTVSPropertyOp40
 70
     1
102
RTVSPropertyOp41
 70
     1
102
RTVSPropertyOp42
 70
     1
102
RTVSPropertyOp43
 70
     1
102
RTVSPropertyOp44
 70
     1
102
RTVSPropertyOp45
 70
     1
102
RTVSPropertyOp46
 70
     1
102
RTVSPropertyOp47
 70
     1
102
RTVSPropertyOp48
 70
     1
102
RTVSPropertyOp49
 70
     1
102
RTVSPropertyOp50
 70
     1
102
RTVSPropertyOp51
 70
     0
102
RTVSPropertyOp52
 70
     0
102
RTVSPropertyOp53
 70
     1
102
RTVSPropertyOp54
 70
     1
102
RTVSPropertyOp55
 70
     1
102
RTVSPropertyOp56
 70
     1
102
RTVSPropertyOp57
 70
     1
102
RTVSPost2010Prop28
280
     0
102
RTVSPost2010PropOp28
 70
     1
102
RTVSPost2010Prop29
280
     1
102
RTVSPost2010PropOp29
 70
     1
102
RTVSPost2010Prop30
280
     1
102
RTVSPost2010PropOp30
 70
     1
102
RTVSPost2010Prop31
280
     0
102
RTVSPost2010PropOp31
 70
     1
102
RTVSPost2010Prop32
280
     0
102
RTVSPost2010PropOp32
 70
     1
102
RTVSPost2010Prop33
280
     0
102
RTVSPost2010PropOp33
 70
     1
102
RTVSPost2010Prop34
280
     0
102
RTVSPost2010PropOp34
 70
     1
102
RTVSPost2010Prop35
280
     0
102
RTVSPost2010PropOp35
 70
     1
102
RTVSPost2010Prop36
280
     0
102
RTVSPost2010PropOp36
 70
     1
102
RTVSPost2010Prop37
 90
       50
102
RTVSPost2010PropOp37
 70
     1
102
RTVSPost2010Prop38
140
0.0
102
RTVSPost2010PropOp38
 70
     1
102
RTVSPost2010Prop39
140
1.0
102
RTVSPost2010PropOp39
 70
     1
102
RTVSPost2010Prop40
 90
        0
102
RTVSPost2010PropOp40
 70
     1
102
RTVSPost2010Prop41ColorIndex
 90
       18
102
RTVSPost2010Prop41ColorRGB
 90
        0
102
RTVSPost2010PropOp41
 70
     1
102
RTVSPost2010Prop42
 90
       50
102
RTVSPost2010PropOp42
 70
     1
102
RTVSPost2010Prop43
 90
        3
102
RTVSPost2010PropOp43
 70
     1
102
RTVSPost2010Prop44ColorIndex
 90
        5
102
RTVSPost2010Prop44ColorRGB
 90
      255
102
RTVSPost2010PropOp44
 70
     1
102
RTVSPost2010Prop45
280
     0
102
RTVSPost2010PropOp45
 70
     1
102
RTVSPost2010Prop46
 90
       50
102
RTVSPost2010PropOp46
 70
     1
102
RTVSPost2010Prop47
 90
       50
102
RTVSPost2010PropOp47
 70
     1
102
RTVSPost2010Prop48
 90
       50
102
RTVSPost2010PropOp48
 70
     1
102
RTVSPost2010Prop49
280
     0
102
RTVSPost2010PropOp49
 70
     1
102
RTVSPost2010Prop50
 90
       50
102
RTVSPost2010PropOp50
 70
     1
102
RTVSPost2010Prop51ColorIndex
 90
      256
102
RTVSPost2010Prop51ColorRGB
 90
-16777216
102
RTVSPost2010PropOp51
 70
     0
102
RTVSPost2010Prop52
140
1.0
102
RTVSPost2010PropOp52
 70
     0
102
RTVSPost2010Prop53
 90
        2
102
RTVSPost2010PropOp53
 70
     1
102
RTVSPost2010Prop54
  1
strokes_ogs.tif
102
RTVSPost2010PropOp54
 70
     1
102
RTVSPost2010Prop55
280
     0
102
RTVSPost2010PropOp55
 70
     1
102
RTVSPost2010Prop56
140
1.0
102
RTVSPost2010PropOp56
 70
     1
102
RTVSPost2010Prop57
140
1.0
102
RTVSPost2010PropOp57
 70
     1
  0
XRECORD
  5
7E9
102
{ACAD_REACTORS
330
7E8
102
}
330
7E8
100
AcDbXrecord
280
     1
102
RTVSPropertyOp0
 70
     1
102
RTVSPropertyOp1
 70
     1
102
RTVSPropertyOp2
 70
     1
102
RTVSPropertyOp3
 70
     1
102
RTVSPropertyOp4
 70
     1
102
RTVSPropertyOp5
 70
     1
102
RTVSPropertyOp6
 70
     1
102
RTVSPropertyOp7
 70
     1
102
RTVSPropertyOp8
 70
     1
102
RTVSPropertyOp9
 70
     1
102
RTVSPropertyOp10
 70
     1
102
RTVSPropertyOp11
 70
     1
102
RTVSPropertyOp12
 70
     1
102
RTVSPropertyOp13
 70
     1
102
RTVSPropertyOp14
 70
     1
102
RTVSPropertyOp15
 70
     1
102
RTVSPropertyOp16
 70
     1
102
RTVSPropertyOp17
 70
     1
102
RTVSPropertyOp18
 70
     1
102
RTVSPropertyOp19
 70
     1
102
RTVSPropertyOp20
 70
     1
102
RTVSPropertyOp21
 70
     1
102
RTVSPropertyOp22
 70
     1
102
RTVSPropertyOp23
 70
     1
102
RTVSPropertyOp24
 70
     1
102
RTVSPropertyOp25
 70
     1
102
RTVSPropertyOp26
 70
     1
102
RTVSPropertyOp27
 70
     1
102
RTVSPropertyOp28
 70
     1
102
RTVSPropertyOp29
 70
     1
102
RTVSPropertyOp30
 70
     1
102
RTVSPropertyOp31
 70
     1
102
RTVSPropertyOp32
 70
     1
102
RTVSPropertyOp33
 70
     1
102
RTVSPropertyOp34
 70
     1
102
RTVSPropertyOp35
 70
     1
102
RTVSPropertyOp36
 70
     1
102
RTVSPropertyOp37
 70
     1
102
RTVSPropertyOp38
 70
     1
102
RTVSPropertyOp39
 70
     1
102
RTVSPropertyOp40
 70
     1
102
RTVSPropertyOp41
 70
     1
102
RTVSPropertyOp42
 70
     1
102
RTVSPropertyOp43
 70
     1
102
RTVSPropertyOp44
 70
     1
102
RTVSPropertyOp45
 70
     1
102
RTVSPropertyOp46
 70
     1
102
RTVSPropertyOp47
 70
     1
102
RTVSPropertyOp48
 70
     1
102
RTVSPropertyOp49
 70
     1
102
RTVSPropertyOp50
 70
     1
102
RTVSPropertyOp51
 70
     0
102
RTVSPropertyOp52
 70
     0
102
RTVSPropertyOp53
 70
     1
102
RTVSPropertyOp54
 70
     1
102
RTVSPropertyOp55
 70
     1
102
RTVSPropertyOp56
 70
     1
102
RTVSPropertyOp57
 70
     1
102
RTVSPost2010Prop28
280
     0
102
RTVSPost2010PropOp28
 70
     1
102
RTVSPost2010Prop29
280
     1
102
RTVSPost2010PropOp29
 70
     1
102
RTVSPost2010Prop30
280
     1
102
RTVSPost2010PropOp30
 70
     1
102
RTVSPost2010Prop31
280
     0
102
RTVSPost2010PropOp31
 70
     1
102
RTVSPost2010Prop32
280
     0
102
RTVSPost2010PropOp32
 70
     1
102
RTVSPost2010Prop33
280
     0
102
RTVSPost2010PropOp33
 70
     1
102
RTVSPost2010Prop34
280
     0
102
RTVSPost2010PropOp34
 70
     1
102
RTVSPost2010Prop35
280
     0
102
RTVSPost2010PropOp35
 70
     1
102
RTVSPost2010Prop36
280
     0
102
RTVSPost2010PropOp36
 70
     1
102
RTVSPost2010Prop37
 90
       50
102
RTVSPost2010PropOp37
 70
     1
102
RTVSPost2010Prop38
140
0.0
102
RTVSPost2010PropOp38
 70
     1
102
RTVSPost2010Prop39
140
1.0
102
RTVSPost2010PropOp39
 70
     1
102
RTVSPost2010Prop40
 90
        0
102
RTVSPost2010PropOp40
 70
     1
102
RTVSPost2010Prop41ColorIndex
 90
       18
102
RTVSPost2010Prop41ColorRGB
 90
        0
102
RTVSPost2010PropOp41
 70
     1
102
RTVSPost2010Prop42
 90
       50
102
RTVSPost2010PropOp42
 70
     1
102
RTVSPost2010Prop43
 90
        3
102
RTVSPost2010PropOp43
 70
     1
102
RTVSPost2010Prop44ColorIndex
 90
        5
102
RTVSPost2010Prop44ColorRGB
 90
      255
102
RTVSPost2010PropOp44
 70
     1
102
RTVSPost2010Prop45
280
     0
102
RTVSPost2010PropOp45
 70
     1
102
RTVSPost2010Prop46
 90
       50
102
RTVSPost2010PropOp46
 70
     1
102
RTVSPost2010Prop47
 90
       50
102
RTVSPost2010PropOp47
 70
     1
102
RTVSPost2010Prop48
 90
       50
102
RTVSPost2010PropOp48
 70
     1
102
RTVSPost2010Prop49
280
     0
102
RTVSPost2010PropOp49
 70
     1
102
RTVSPost2010Prop50
 90
       50
102
RTVSPost2010PropOp50
 70
     1
102
RTVSPost2010Prop51ColorIndex
 90
      256
102
RTVSPost2010Prop51ColorRGB
 90
-16777216
102
RTVSPost2010PropOp51
 70
     0
102
RTVSPost2010Prop52
140
1.0
102
RTVSPost2010PropOp52
 70
     0
102
RTVSPost2010Prop53
 90
        2
102
RTVSPost2010PropOp53
 70
     1
102
RTVSPost2010Prop54
  1
strokes_ogs.tif
102
RTVSPost2010PropOp54
 70
     1
102
RTVSPost2010Prop55
280
     0
102
RTVSPost2010PropOp55
 70
     1
102
RTVSPost2010Prop56
140
1.0
102
RTVSPost2010PropOp56
 70
     1
102
RTVSPost2010Prop57
140
1.0
102
RTVSPost2010PropOp57
 70
     1
  0
XRECORD
  5
809
102
{ACAD_REACTORS
330
808
102
}
330
808
100
AcDbXrecord
280
     1
102
RTVSPropertyOp0
 70
     1
102
RTVSPropertyOp1
 70
     1
102
RTVSPropertyOp2
 70
     1
102
RTVSPropertyOp3
 70
     1
102
RTVSPropertyOp4
 70
     1
102
RTVSPropertyOp5
 70
     1
102
RTVSPropertyOp6
 70
     1
102
RTVSPropertyOp7
 70
     1
102
RTVSPropertyOp8
 70
     1
102
RTVSPropertyOp9
 70
     1
102
RTVSPropertyOp10
 70
     1
102
RTVSPropertyOp11
 70
     1
102
RTVSPropertyOp12
 70
     1
102
RTVSPropertyOp13
 70
     1
102
RTVSPropertyOp14
 70
     1
102
RTVSPropertyOp15
 70
     1
102
RTVSPropertyOp16
 70
     1
102
RTVSPropertyOp17
 70
     1
102
RTVSPropertyOp18
 70
     1
102
RTVSPropertyOp19
 70
     1
102
RTVSPropertyOp20
 70
     1
102
RTVSPropertyOp21
 70
     1
102
RTVSPropertyOp22
 70
     1
102
RTVSPropertyOp23
 70
     1
102
RTVSPropertyOp24
 70
     1
102
RTVSPropertyOp25
 70
     1
102
RTVSPropertyOp26
 70
     1
102
RTVSPropertyOp27
 70
     1
102
RTVSPropertyOp28
 70
     1
102
RTVSPropertyOp29
 70
     1
102
RTVSPropertyOp30
 70
     1
102
RTVSPropertyOp31
 70
     1
102
RTVSPropertyOp32
 70
     1
102
RTVSPropertyOp33
 70
     1
102
RTVSPropertyOp34
 70
     1
102
RTVSPropertyOp35
 70
     1
102
RTVSPropertyOp36
 70
     1
102
RTVSPropertyOp37
 70
     1
102
RTVSPropertyOp38
 70
     1
102
RTVSPropertyOp39
 70
     1
102
RTVSPropertyOp40
 70
     1
102
RTVSPropertyOp41
 70
     1
102
RTVSPropertyOp42
 70
     1
102
RTVSPropertyOp43
 70
     1
102
RTVSPropertyOp44
 70
     1
102
RTVSPropertyOp45
 70
     1
102
RTVSPropertyOp46
 70
     1
102
RTVSPropertyOp47
 70
     1
102
RTVSPropertyOp48
 70
     1
102
RTVSPropertyOp49
 70
     1
102
RTVSPropertyOp50
 70
     1
102
RTVSPropertyOp51
 70
     0
102
RTVSPropertyOp52
 70
     0
102
RTVSPropertyOp53
 70
     1
102
RTVSPropertyOp54
 70
     1
102
RTVSPropertyOp55
 70
     1
102
RTVSPropertyOp56
 70
     1
102
RTVSPropertyOp57
 70
     1
102
RTVSPost2010Prop28
280
     0
102
RTVSPost2010PropOp28
 70
     1
102
RTVSPost2010Prop29
280
     1
102
RTVSPost2010PropOp29
 70
     1
102
RTVSPost2010Prop30
280
     1
102
RTVSPost2010PropOp30
 70
     1
102
RTVSPost2010Prop31
280
     0
102
RTVSPost2010PropOp31
 70
     1
102
RTVSPost2010Prop32
280
     0
102
RTVSPost2010PropOp32
 70
     1
102
RTVSPost2010Prop33
280
     0
102
RTVSPost2010PropOp33
 70
     1
102
RTVSPost2010Prop34
280
     0
102
RTVSPost2010PropOp34
 70
     1
102
RTVSPost2010Prop35
280
     0
102
RTVSPost2010PropOp35
 70
     1
102
RTVSPost2010Prop36
280
     0
102
RTVSPost2010PropOp36
 70
     1
102
RTVSPost2010Prop37
 90
       50
102
RTVSPost2010PropOp37
 70
     1
102
RTVSPost2010Prop38
140
0.0
102
RTVSPost2010PropOp38
 70
     1
102
RTVSPost2010Prop39
140
1.0
102
RTVSPost2010PropOp39
 70
     1
102
RTVSPost2010Prop40
 90
        0
102
RTVSPost2010PropOp40
 70
     1
102
RTVSPost2010Prop41ColorIndex
 90
       18
102
RTVSPost2010Prop41ColorRGB
 90
        0
102
RTVSPost2010PropOp41
 70
     1
102
RTVSPost2010Prop42
 90
       50
102
RTVSPost2010PropOp42
 70
     1
102
RTVSPost2010Prop43
 90
        3
102
RTVSPost2010PropOp43
 70
     1
102
RTVSPost2010Prop44ColorIndex
 90
        5
102
RTVSPost2010Prop44ColorRGB
 90
      255
102
RTVSPost2010PropOp44
 70
     1
102
RTVSPost2010Prop45
280
     0
102
RTVSPost2010PropOp45
 70
     1
102
RTVSPost2010Prop46
 90
       50
102
RTVSPost2010PropOp46
 70
     1
102
RTVSPost2010Prop47
 90
       50
102
RTVSPost2010PropOp47
 70
     1
102
RTVSPost2010Prop48
 90
       50
102
RTVSPost2010PropOp48
 70
     1
102
RTVSPost2010Prop49
280
     0
102
RTVSPost2010PropOp49
 70
     1
102
RTVSPost2010Prop50
 90
       50
102
RTVSPost2010PropOp50
 70
     1
102
RTVSPost2010Prop51ColorIndex
 90
      256
102
RTVSPost2010Prop51ColorRGB
 90
-16777216
102
RTVSPost2010PropOp51
 70
     0
102
RTVSPost2010Prop52
140
1.0
102
RTVSPost2010PropOp52
 70
     0
102
RTVSPost2010Prop53
 90
        2
102
RTVSPost2010PropOp53
 70
     1
102
RTVSPost2010Prop54
  1
strokes_ogs.tif
102
RTVSPost2010PropOp54
 70
     1
102
RTVSPost2010Prop55
280
     0
102
RTVSPost2010PropOp55
 70
     1
102
RTVSPost2010Prop56
140
1.0
102
RTVSPost2010PropOp56
 70
     1
102
RTVSPost2010Prop57
140
1.0
102
RTVSPost2010PropOp57
 70
     1
  0
ENDSEC
  0
EOF
